Enrichment (%),Flux (n/cm²/s),Burnup (MWd/kgU),Fuel Centerline Temp (K),Clad Surface Temp (K),Coolant Outlet Temp (K)
30.648557945054307,7.5550483395550145,3.9647887333211094e-08,616.0389563705319,613.7214741044263,574.449149985168
72.81668663353076,6.720611396119885,4.35937460395017e-08,620.2920760446832,617.7455796422772,574.592355323598
15.286018696422184,8.15089169713757,3.681005464926144e-08,612.96764377121,610.8155398758371,574.3457368687012
53.21820997530099,7.016368558736833,4.158972727260926e-08,618.1314804372581,615.7013237983289,574.5196066475962
6.79328812193213,8.973469205101118,3.3812037836084484e-08,609.7171342158479,607.7400577580714,574.2362900727941
59.532446266614905,6.927129114603833,4.254321739499032e-08,619.1617474797633,616.6761149231606,574.5542964169417
83.20856097552682,6.560418584569363,4.4163190195428696e-08,620.9022387493653,618.3228874320918,574.612899903416
8.014814900213558,8.819081354173205,3.460655367677027e-08,610.5792258172528,608.5557290424777,574.2653172643606
69.069252614257,6.766031703061719,4.299892840103237e-08,619.649457304324,617.1375634494757,574.5707179276991
87.13558691105126,6.511210843801182,4.4516178102356616e-08,621.2822159938341,618.6824043633969,574.6256939873024
56.21522737607744,6.972250924741065,4.207784535900475e-08,618.6590913452402,616.2005248881889,574.5373716540915
88.31774584861112,6.493123596057564,4.4656212780180827e-08,621.4332224278012,618.8252796816888,574.6307784733121
14.650879382310633,8.224260777794097,3.7088174180262346e-08,613.2700047314993,611.1016198613416,574.3559175612196
50.04783654083718,7.071110157985718,4.1005445579879816e-08,617.4995792987531,615.1034481057434,574.4983301204052
26.978995265325555,7.63925990012812,3.89906618929288e-08,615.3278593007226,613.0486668768375,574.4252068788506
68.54411617538979,6.779206583166737,4.307767780667824e-08,619.7352657831565,617.2187514717557,574.5736071556524
24.734074474747057,7.728898869246968,3.967384538527618e-08,616.0709722766378,613.7517660771265,574.4502279817964
66.81823848028222,6.797850919020837,4.3456563697725774e-08,620.1475593213124,617.6088445886264,574.5874893504148
87.37805348399549,6.510479526103898,4.4481649094833774e-08,621.244587093302,618.6468016344319,574.6244269974577
21.984281755201533,7.8547422593003535,3.946175013765133e-08,615.8424890610612,613.5355858039271,574.4425348015619
77.83326036287745,6.639504724131293,4.352182094249782e-08,620.2104400304836,617.6683394134576,574.5896065852747
22.91197466471619,7.814743098121124,3.8931071552993353e-08,615.2657565770965,612.989908146022,574.423115839276
88.74631263725828,6.510172285333274,4.48473596891499e-08,621.6402178296972,619.0211291773289,574.6377481447188
2.7870095647997246,10.102188349955906,2.6329934284442032e-08,601.5938922319328,600.0542211117519,573.9627751692458
83.86075715927406,6.563089332088694,4.4008327816300303e-08,620.7337897160328,618.1635087313233,574.6072281136064
68.14072718267504,6.766012324765257,4.3133911502954673e-08,619.7965612749312,617.2767464370503,574.5756710151994
50.27460193455798,7.076509865801006,4.088350661307901e-08,617.3670973458751,614.9780997964818,574.4938693658646
8.79382394549005,8.700915098446977,3.5302829577217044e-08,611.334863350527,609.2706784008833,574.2907600773951
37.683118131032,7.348274623323229,4.0329393075274375e-08,616.7741044622268,614.4170372988762,574.4739029052204
17.84714168510471,8.029231176625785,3.8031196799309286e-08,614.2919471923042,612.0685346511801,574.3903270364208
63.98301922210232,6.836364189114483,4.2685170596078475e-08,619.3126437991274,616.8188860560974,574.5593771953204
88.44242441861138,6.506414501283742,4.4460623841429215e-08,621.2209987315181,618.6244834152055,574.6236327617928
15.133538156882953,8.21677858953584,3.788452626054432e-08,614.1343784314387,611.9194503620536,574.3850215925456
65.48162448580251,6.818056560368398,4.232343044103433e-08,618.9191162636631,616.4465484648505,574.5461268642186
66.05032587198261,6.816619299736567,4.2653392276358155e-08,619.2767106607523,616.7848877790195,574.5581673029035
21.12500546343602,7.880877709341516,3.8983642242720215e-08,615.3239681474677,613.0449852472194,574.4250758611597
83.52678157174915,6.589000494801954,4.4089616495752856e-08,620.8222036360783,618.2471619018279,574.6102050684801
45.30597829037918,7.175182621766594,4.077597072664691e-08,617.2537269983725,614.8708340061524,574.4900521116546
13.018855648470987,8.341571278918398,3.6892641811119795e-08,613.058679129508,610.9016733302268,574.348802089126
53.82610198269775,7.013774890372016,4.1417410524058693e-08,617.944075152954,615.524009567795,574.5132965883412
42.97930443542862,7.231672403022975,4.0681131879593626e-08,617.152353126669,614.7749187275407,574.4866387866796
86.3024102831915,6.555034270018544,4.4891118723573355e-08,621.6894961865062,619.0677540841558,574.6394073794229
29.42706269582646,7.5968587599868975,3.979445283478527e-08,616.1988529704286,613.8727608874054,574.4545338089154
10.978652214480386,8.487021943899034,3.6378261821617985e-08,612.5013658909138,610.3743692660184,574.3300369856116
36.98260028092926,7.392506931412126,4.0664759810088374e-08,617.138583245152,614.7618903011822,574.4861751457069
25.24189239112071,7.721168941762007,3.979744387067392e-08,616.2048237205104,613.8784101355599,574.4547348479999
81.49310120869721,6.589768990110893,4.3994106765488944e-08,620.7200894901655,618.1505462099258,574.6067668179853
31.599522761355487,7.510007289922584,3.9788609301731305e-08,616.1910949339835,613.8654205913845,574.4542725907227
74.15108873098411,6.702334679344846,4.35045129701034e-08,620.1943135489624,617.6530812809414,574.589063596029
2.2914380790789135,10.430884804118756,2.5030583690184674e-08,600.1830197732603,598.7193187085463,573.9152701650594
85.10581307856857,6.537834870634192,4.451757291482158e-08,621.2852261197878,618.6852524056454,574.6257953402242
77.35827569141748,6.659345495745457,4.398570562685871e-08,620.7139860203146,618.1447713884514,574.6065613101387
46.46105260253432,7.146074358399308,4.108717352133207e-08,617.5906927344002,615.1896554333172,574.5013979697457
54.316642207111,7.01672068254328,4.2191441379836555e-08,618.7836737218116,616.3183989829448,574.541566424699
40.02942074635391,7.301627411449719,4.031271279685206e-08,616.7544486451142,614.3984398719157,574.4732410809225
83.09241414896879,6.568013649831115,4.435947107810291e-08,621.1152229461088,618.5244032490107,574.6200712214865
75.12155315841572,6.6613466316687715,4.3515032186055035e-08,620.205026981843,617.6632178366668,574.5894243243647
78.87641266362057,6.620543130256441,4.336920082155569e-08,620.0441364967593,617.5109906853953,574.584007035849
68.60078100416219,6.768331409928844,4.277698468197552e-08,619.4090017581709,616.9100555096541,574.562621631215
57.71043014392068,6.9491874180597,4.235258376390165e-08,618.9561702517004,616.4816072381474,574.5473744963813
80.54051916986748,6.640139064629139,4.422457207381875e-08,620.9707708142025,618.3877293088224,574.6152074231404
26.38967488406937,7.670047890374686,3.909164101889646e-08,615.437857885716,613.1527424611005,574.4289106035981
19.129999571047215,7.983053258890326,3.833303329646031e-08,614.6188601854294,612.3778446369832,574.4013344120425
74.80855130289271,6.711668370469956,4.334806492672796e-08,620.0241254706427,617.4920571760697,574.5833332514303
58.23115544458258,6.947815023282269,4.194545200057794e-08,618.5140378677214,616.0632819825364,574.532487608043
2.2504207655057433,10.427527549399947,2.4343554553746796e-08,599.4369276971589,598.013400821158,573.8901487538498
1.7298569087582083,10.884891784238862,2.1472354300391413e-08,596.3190063383371,595.0633675355035,573.7851662897772
22.96868334878831,7.805221746191007,3.8567398968606857e-08,614.8708974737555,612.616310686707,574.4098206734076
50.25087532409736,7.0774612935663725,4.1110610764039764e-08,617.6135685591929,615.2112994829287,574.502168213821
30.59446089798798,7.538025226103143,3.9671003863686173e-08,616.064085171124,613.7452498157558,574.4499960884214
14.30159536546969,8.234737888056685,3.730913423558225e-08,613.5101336652168,611.3288187755513,574.364002860448
32.09435726861262,7.5258514237099,3.975878397327993e-08,616.1583970559607,613.834483368332,574.4531716316509
37.29525726304124,7.349674590156922,4.0175435965746425e-08,616.6072526045905,614.2591697720356,574.4682848933676
50.915493700460246,7.0748500505471785,4.093958726462297e-08,617.4275251823819,615.0352738264075,574.4959040108877
17.655428596248242,8.04648971797503,3.8293868324314115e-08,614.577259669007,612.3384841483683,574.399933695277
4.871126338927466,9.343331429577786,3.1824603361800956e-08,607.559936957177,605.6990172748675,574.1636558214313
63.32489351353461,6.857777075802646,4.2985356076861886e-08,619.6388060710422,617.1274857441399,574.5703592936649
25.67539103664621,7.698571327216879,3.9163369072281186e-08,615.5161831470963,613.2268502084065,574.431547866695
75.52751266656563,6.682970195920973,4.3537189493832714e-08,620.2287710270658,617.6856833563777,574.5902238019934
22.511863496299004,7.82905270330764,3.8870965774543063e-08,615.2007564496719,612.9284080254588,574.4209272422087
9.059657530537317,8.658199691855575,3.5199740640860166e-08,611.2227680767531,609.1646190264664,574.2869857557566
48.342544388162345,7.112205948463132,4.1534822838319675e-08,618.0752295465724,615.648101801757,574.5177126430877
17.475494402514006,8.067816467065175,3.811033415487805e-08,614.3781008178082,612.1500492353108,574.3932278856897
56.10989260879331,6.9740632627391275,4.1144681399770695e-08,617.6465771231652,615.2425306626872,574.5032796338932
1.7191253374536948,10.902800071420764,2.155870671104051e-08,596.4127889371983,595.1521003021185,573.7883240115997
41.09471026649811,7.2680735525126146,4.1531685400448166e-08,618.076766506579,615.6495560023786,574.5177643935426
11.308403120342094,8.459622538632013,3.6730696318550704e-08,612.8838598234212,610.7362673713908,574.3429158080405
25.798286517592665,7.693563135331831,3.900392007381e-08,615.3430052037309,613.0629972312223,574.4257168513725
16.021005179004394,8.132977760477726,3.7768784687793575e-08,614.0081614770248,611.800029705185,574.3807717846264
54.67262776022783,6.993722300099349,4.114551462181907e-08,617.6484544515024,615.2443069041138,574.5033428447738
60.662512900261966,6.877463752279088,4.259162683353931e-08,619.2134814912199,616.7250632570773,574.5560383351539
62.28552412631432,6.864585871085843,4.2258243811076586e-08,618.8506184307809,616.3817389768158,574.5438204971067
71.00004742605259,6.739276647835984,4.299115221302414e-08,619.6396504313169,617.1282846388614,574.570387723831
86.11736377717617,6.542403679609154,4.509924557362926e-08,621.91537158852,619.2814669645228,574.6470127528586
10.096452501338568,8.543300326862024,3.581064987868947e-08,611.8855387007678,609.7917020014958,574.3093016788401
3.623232649163987,9.728257445926516,2.9577556623670084e-08,605.1203564238563,603.390798770264,574.0815135393732
85.80209426788534,6.548963753884915,4.38889029735984e-08,620.6028436914529,618.0396136465286,574.6028190747826
49.793692892492096,7.10401803635085,4.1325891975778955e-08,617.8475040250407,615.4326384236924,574.5100449749103
55.26349582331111,6.994933470346676,4.25352491092982e-08,619.1560909820157,616.6707630060611,574.55410595894
64.47441376704178,6.826381789181794,4.251507070781082e-08,619.1277439879588,616.6439423886071,574.5531514969947
52.24250790147634,7.046668230507453,4.155999158597157e-08,618.0998793965922,615.6714243521603,574.5185426197602
55.36365087205249,6.970747868443895,4.1469537729501985e-08,617.9995918505767,615.5765369047765,574.515165872086
86.87736428411084,6.532340264331381,4.5287956176144095e-08,622.1194797784221,619.4745847134302,574.6538852099374
25.36324211680636,7.715882986939326,3.9535313274339824e-08,615.9201715894469,613.6090854269382,574.445150423416
3.610002215782962,9.747057195074868,2.9297751834134653e-08,604.8165029588549,603.1033066456858,574.071282593239
47.20125160778982,7.130997500688582,4.1344871862110934e-08,617.8698624511638,615.4537929345627,574.5107977978322
51.12320652547455,7.071620577540806,4.10813844707559e-08,617.5812628242783,615.1807332875863,574.5010804584659
62.955007586824024,6.85741065251987,4.2180000482743695e-08,618.765258168404,616.3009750362592,574.5409463608964
37.07189523537651,7.383870945946476,4.0988994380525914e-08,617.4904558578305,615.0948159270242,574.498022928145
89.59105563729096,6.501725029906269,4.4460807876764715e-08,621.2203515447758,618.6238710769802,574.6236109705892
70.5569665673394,6.740736952344369,4.3143108231244136e-08,619.8048180565961,617.2845586227794,574.5759490264719
41.078620918477725,7.2777458267519215,4.0861359305241825e-08,617.349233186205,614.9611975531017,574.4932678678521
67.12542274732479,6.775739106455857,4.2677387871366536e-08,619.3019876710873,616.8088037195672,574.5590183964764
41.31231884707483,7.252091933090881,4.03132474528019e-08,616.7541806532911,614.3981863104216,574.4732320574615
85.43620587351096,6.522389931335444,4.4552974721198494e-08,621.3233802155117,618.7213520500611,574.6270800137366
87.27187751347125,6.5027448840287425,4.390273140960953e-08,620.6167729612255,618.0527928786979,574.6032880824628
49.48769831212886,7.074128612182054,4.084456201536053e-08,617.3253626396637,614.9386123436818,574.4924641308406
73.2580068475473,6.6873711647678435,4.3525755713353433e-08,620.2180003105656,617.6754926015351,574.5898611448805
51.109037369304794,7.08824883609747,4.164888941804301e-08,618.1971253643113,615.7634339985407,574.5218169554913
24.3229718863213,7.757268055232519,3.9297761689199494e-08,615.6629499361346,613.3657141703428,574.43648960107
15.495969323569511,8.182793951167078,3.7774384396217384e-08,614.0145649661278,611.8060883910285,574.3809873943187
18.949377855997923,7.98775704867876,3.77750462119029e-08,614.0131549967556,611.8047543430841,574.380939919722
31.98771792374917,7.532401257283043,4.0321907106817785e-08,616.7697409675516,614.4129087616064,574.473755983483
21.660158518292366,7.836602712512015,3.810051052035943e-08,614.3648319995875,612.1374948919174,574.3927811158479
72.81450494201754,6.696954550202591,4.3450379230717634e-08,620.1365480993544,617.59842627862,574.5871185953249
34.47619779928355,7.456243981518908,3.975457804810697e-08,616.1522809364533,613.8286965783366,574.4529656978821
30.242767051687817,7.570484312984704,3.974030667304111e-08,616.1395442069377,613.816645672718,574.4525368438171
38.31582672586739,7.359300864818687,4.0656278725262094e-08,617.1284891820202,614.7523397645268,574.4858352719583
87.59840115302161,6.524767499836586,4.5231322226540775e-08,622.0575138390562,619.4159554015686,574.6517987759787
79.996555649686,6.631433147118613,4.4300283834203496e-08,621.0532947917152,618.4658096875459,574.6179860597728
86.18388353773696,6.519896881337663,4.4219479951725833e-08,620.9611148160777,618.3785932490582,574.6148822993289
57.31914740985664,6.9437290867223105,4.1506655088861176e-08,618.0385327927237,615.6133810269616,574.5164770392354
19.050433523499517,7.965170439635176,3.757454956994431e-08,613.7954096327755,611.5987337294722,574.3736082900174
61.63036155432088,6.870224101314973,4.207108456568217e-08,618.6480030379465,616.1900336435956,574.5369983034877
12.576553472566754,8.342876918245336,3.6885909404566835e-08,613.0516349034184,610.895008408619,574.3485649053977
66.53392555592318,6.789170948015735,4.2184565127257125e-08,618.7677210629535,616.3033053134099,574.5410292881768
23.34699818373918,7.796516118551976,3.8821070735290074e-08,615.1460575939747,612.8766544927606,574.4190854957398
36.599500160002414,7.374189192788227,4.023757084137177e-08,616.6751539007419,614.3234148445481,574.4705711746952
26.237991289388127,7.6885002619485086,3.9285969924542343e-08,615.648918637653,613.3524384033178,574.4360171580159
75.76283200987778,6.688290843051392,4.354300748470357e-08,620.2349129440236,617.69149455473,574.5904306043794
63.41202122796651,6.869669583673577,4.2635089002220745e-08,619.2587075421563,616.7678540591172,574.5575611260524
71.3134621692577,6.721968920532293,4.377199812959589e-08,620.4865372557603,617.9295698650654,574.5989029605508
87.77642073017581,6.521425500374879,4.4352733647610274e-08,621.1044731331332,618.5142322721183,574.619709268209
72.07522763378662,6.72281719155327,4.3074832422226594e-08,619.7296673475599,617.2134544903836,574.5734186526415
15.407131126541437,8.17824083284969,3.78997306162753e-08,614.1507179484148,611.9349100588847,574.3855717548353
15.34906738991341,8.163877156029926,3.7833776289953726e-08,614.079141978948,611.8671881800815,574.3831617448388
3.948751247617289,9.620403777971667,2.9815333315454124e-08,605.3784170296656,603.6349638049912,574.0902026098018
47.33267122186767,7.14548853766281,4.1375365325295075e-08,617.902866412816,615.4850197598182,574.5119090629411
87.46708198621597,6.532998059039926,4.455759779699087e-08,621.3268949455451,618.7246775254004,574.6271983570099
64.04134862796052,6.840734990469215,4.2838004723883526e-08,619.4784248843612,616.975740467511,574.5649591535616
21.06032452351606,7.908190511834224,3.871645993043523e-08,615.0339331287494,612.7705674987398,574.4153101912059
84.84586776025543,6.554059566940389,4.4048648876294455e-08,620.7768053463719,618.2042081354134,574.6086764781888
29.280106771789324,7.594696477916099,3.9967638729932225e-08,616.3869509478991,614.050730512243,574.4608671916051
74.74114207257183,6.6866810051997225,4.3208047247877254e-08,619.872281965906,617.3483898600496,574.5782205806968
53.55411466762385,7.001221410747859,4.1777599347089955e-08,618.3351207356404,615.8939988498752,574.5264633504595
18.14963915903527,8.034986667625216,3.845180247512592e-08,614.7484252860548,612.5004331552673,574.4056969542481
87.83461103992059,6.460931908664748,4.44938745401716e-08,621.2575100294794,618.6590287201997,574.6248621212234
47.8109184498451,7.133365207525354,4.089936977060788e-08,617.3859680208145,614.9959543581552,574.4945047539087
31.098587825804508,7.532212978227263,3.9700320598768346e-08,616.0955818247418,613.7750504957172,574.4510566014768
14.055045058875,8.255702504351792,3.7463309081175533e-08,613.6776868070779,611.4873498251583,574.3696444850021
5.674385489107135,9.183875982096684,3.309340677430317e-08,608.9373617940802,607.0022730820913,574.2100346221807
50.57614083072248,7.0828039605704225,4.11986100731259e-08,617.7088458442123,615.3014464526009,574.5053762627102
3.416462524721445,9.780341729546182,2.8200685688520093e-08,603.6252099443406,601.9761601781069,574.0311709734439
59.253782168744245,6.9242538417352835,4.2638464097880054e-08,619.2652911371125,616.7740831528065,574.5577828000273
89.24422458200974,6.496167593776666,4.506201077528586e-08,621.8726504883251,619.2410462312614,574.6455743053
10.196418492609933,8.562096174654634,3.6266735463436324e-08,612.380727106276,610.2602264159381,574.3259749983398
39.1966736814427,7.313148307172241,4.0132553162556646e-08,616.5594557542615,614.2139465982629,574.4666755419616
6.16439680368099,9.090747236722356,3.310193665589662e-08,608.9463607143629,607.0107874451279,574.2103376217489
10.868918160258636,8.474593055584227,3.631794903250667e-08,612.4359401344425,610.3124664348956,574.3278340573343
42.76790791278345,7.232060352749199,4.0514516398651974e-08,616.9716613047029,614.603956465219,574.4805547741197
19.50389189299279,7.966280355201689,3.8366586712906566e-08,614.6550555584272,612.4120910283581,574.4025531340717
56.05711495371491,6.976564990567429,4.1967954940558845e-08,618.5399573698213,616.0878058191387,574.5333603347365
73.47439355613528,6.680807471830236,4.3417818919453054e-08,620.1007521164202,617.5645577716898,574.585913321022
7.910260766740487,8.801485543131069,3.4738132762542693e-08,610.7221665694689,608.690972984959,574.2701301735578
52.80789902723914,7.026057415615624,4.1578123034168164e-08,618.1191685877102,615.6896748945258,574.5191920995194
10.921353814787896,8.493658049726806,3.5876343378445655e-08,611.9563908260445,609.8587390123345,574.3116873165264
76.61439928313037,6.671181634032887,4.387423213644941e-08,620.5936036050458,618.0308711032357,574.6025079549922
72.70128557581528,6.714452680527837,4.313838042848401e-08,619.7981611659837,617.2782601801231,574.575724884584
3.0780996019590896,9.986385974962916,2.8013695067299157e-08,603.4222971826543,601.7841734882037,574.0243387672199
53.41459615599353,7.012433068113673,4.17429857694494e-08,618.297655480801,615.8585509549117,574.525201870673
82.72414497652166,6.571487842371497,4.3974203395338066e-08,620.6976042311412,618.1292716956182,574.6060097245163
10.223201133434085,8.555714318303929,3.624441714731043e-08,612.3564766455012,610.237281749205,574.3251584693662
64.46511630453547,6.832678441805724,4.220925656616392e-08,618.795950083596,616.3300143098639,574.5419797778794
10.2977418819797,8.531443013201486,3.667949324802701e-08,612.8288652043019,610.6842340009933,574.3410641030225
41.64840118012668,7.242563399455685,4.0788247056585543e-08,617.2694989128023,614.8857566636514,574.490583162393
64.03765962516108,6.857942352298901,4.3093188205790984e-08,619.755296756857,617.2377038545646,574.5742816117195
66.29465626910152,6.782220948926378,4.3280593203365737e-08,619.957016577957,617.428561839144,574.5810736508488
69.22447686006991,6.757632767124033,4.2954334627842786e-08,619.600967539155,617.091684671662,574.5690852453945
57.12011466754257,6.94285794743101,4.1841973327387975e-08,618.4025209823538,615.9577698525347,574.5287327611228
71.49364032798348,6.734160255493363,4.3303917662057275e-08,619.9786061106248,617.4489888585142,574.5818005846219
57.67163675072535,6.945192311527684,4.135751140503095e-08,617.8764581805748,615.4600335093131,574.5110198803822
31.943070534046218,7.514023196419379,4.05088429588039e-08,616.9726908836703,614.6049306053188,574.4805894407211
3.1005310009990317,9.94815545595099,2.7792749546307388e-08,603.1823447468153,601.5571415681405,574.0162594107911
13.165072214912572,8.311291184062846,3.680411234747504e-08,612.962464556139,610.8106395415776,574.3455624811213
63.31944829192973,6.827079158050504,4.2108437090655295e-08,618.6873589787162,616.2272704183239,574.5383234439138
31.47183687926713,7.522195589807568,4.019523100095348e-08,616.6325725178827,614.2831263053814,574.4691374315113
74.99739307364125,6.667230273459563,4.356632089054349e-08,620.2607542844436,617.7159444383582,574.5913006993177
29.119754514692904,7.57428722328964,3.9192132956200175e-08,615.5452019063816,613.254306419115,574.4325249474175
34.16847858755774,7.456609081751064,3.9773818483447566e-08,616.1733662599057,613.8486465382185,574.4536756545991
39.55887049233558,7.293678436688793,4.0075826906291225e-08,616.4976476486337,614.1554666213996,574.4645944223689
67.212513880965,6.797001056651326,4.330677709825755e-08,619.9847688292647,617.4548197384581,574.5820080874142
50.869081091599746,7.0824710668175035,4.169428813028233e-08,618.2465562569582,615.8102032277374,574.5234813261775
48.044788825600435,7.122871223428582,4.095753381062929e-08,617.4489330717241,615.0555289832466,574.4966248286105
6.978194881054877,8.948730193719182,3.410577181975645e-08,610.0360028664397,608.0417565582468,574.2470265901087
26.57662346901915,7.687362574091041,3.953839970495194e-08,615.9227379431288,613.611513592345,574.4452368342334
19.30984227525758,7.992369772035656,3.8514374555922834e-08,614.8156325674665,612.5640215830645,574.4079598676427
74.0585480018214,6.668647914467703,4.3516462065150994e-08,620.2073426468933,617.6654088120606,574.5895022943308
64.71092723908001,6.832275726427043,4.348658319888413e-08,620.1816401205122,617.6410902678692,574.5886368733526
47.33697325733488,7.152112829794044,4.165994048537827e-08,618.2117003889152,615.7772242141275,574.5223077061617
64.79819324878369,6.844020724714644,4.2906747654443315e-08,619.5524741762537,617.04580248984,574.5674524419519
4.512906899734864,9.457392526286151,3.0893385414928795e-08,606.5488606327898,604.7423835217934,574.1296122161943
62.34360470301057,6.868474600626529,4.2330945348189486e-08,618.9294598048878,616.4563350461631,574.5464751380589
79.53208070340979,6.601612096663874,4.3690860476495995e-08,620.3925783764591,617.8406703100344,574.59573930325
55.0967495064511,6.989229561878585,4.1916213667015736e-08,618.4844747440222,616.0353107193441,574.5314921982124
89.30484381448156,6.494110057976803,4.523169409051057e-08,622.0566374961918,619.4151262463969,574.6517692689378
86.84403038223634,6.516326220246002,4.48457390098195e-08,621.6398742279604,619.020804077224,574.6377365754222
70.50589627853907,6.736216017654313,4.3313786302548474e-08,619.9900187123758,617.4597869355556,574.5821848544335
73.07224804506652,6.710428502875064,4.3671566000340226e-08,620.3763135673688,617.8252812983567,574.5951916564239
69.49330979028755,6.7798347752859485,4.337911593243769e-08,620.06161838297,617.5275312392716,574.5845956624626
67.38927126431084,6.77654799030023,4.247258749998837e-08,619.0796086512829,616.5983989546754,574.5515307485307
67.20443024583882,6.784952943600786,4.2679263628113995e-08,619.3039670984889,616.8106765624165,574.5590850450997
19.795317595801265,7.9573800246098285,3.843622821123604e-08,614.7304832872279,612.4834572640694,574.4050928353398
67.36360725884074,6.802927037284153,4.2938106329419184e-08,619.584680252379,617.0762743926356,574.5685368417301
73.81391111294201,6.693639103625862,4.27153699479916e-08,619.3384779988972,616.843329183572,574.5602470498283
35.93919038581508,7.372786460370838,4.025783348853687e-08,616.697583219283,614.3446364305524,574.4713263846114
74.62711334393173,6.71511877834879,4.3575799615176086e-08,620.2713034960865,617.725925615528,574.5916558982161
28.76161914560611,7.604275550464877,3.953139769636797e-08,615.9137239302931,613.6029849494312,574.444933326489
73.01485314328029,6.725082301137939,4.3744936848069774e-08,620.4559500949026,617.900629705177,574.5978730707152
38.59419095362923,7.328346050833063,4.0720759614007735e-08,617.1982911670596,614.8183831811409,574.4881855507316
58.28675555785429,6.936408281107883,4.16227902291991e-08,618.163886948691,615.7319853437615,574.5206977961631
83.02021017455081,6.570131118014999,4.402014976779689e-08,620.747225190797,618.1762207574465,574.6076804948838
32.83009882525578,7.487397852158946,4.057181743684887e-08,617.0404610090648,614.6690515701151,574.482871305443
73.61430199958093,6.702069902456393,4.2542280048579816e-08,619.1508469746719,616.6658013683434,574.5539293897616
10.702448816038114,8.52268002858038,3.6653985881213013e-08,612.8009260449296,610.6577992578949,574.3401233731395
15.911153598322947,8.135955290136186,3.772456357140755e-08,613.9602151752455,611.7546651273476,574.3791574010918
42.628629572121106,7.216185859243081,4.0833346637855286e-08,617.3177909785304,614.9314483873787,574.4922091880273
5.203053422331026,9.26314300706238,3.2133711473009336e-08,607.8954394350973,606.0164542347459,574.174952410659
9.052132274161591,8.669051269603976,3.5645296530106664e-08,611.7065936076002,609.6223924133449,574.3032764797885
63.90169540504501,6.850329469774735,4.27033802022804e-08,619.3324581548487,616.8376334849722,574.5600443577174
49.64148906492974,7.114951392745473,4.1501047334929646e-08,618.0376891765505,615.6125828362748,574.5164486341237
52.999811513550135,7.034879804984266,4.1981226563198126e-08,618.556470350473,616.1034296392936,574.5339163376623
33.89563956335829,7.485586164368522,4.015324524767716e-08,616.5854028157207,614.2384965102589,574.4675491965969
56.27492554352361,6.975799143944596,4.151103218581837e-08,618.0439959059933,615.6185499725937,574.5166609858544
65.82817970008864,6.825857330124673,4.2460154851942596e-08,619.0672137039555,616.5866714275887,574.5511134024971
24.17699188419055,7.762702730910441,3.8833649369733607e-08,615.1591868941323,612.8890768306021,574.4195275679165
19.598511142309594,7.973051195679414,3.812000981051813e-08,614.3872852252366,612.1587390977239,574.393537130732
20.176322890814927,7.916908519052326,3.8294534765472426e-08,614.5764075026698,612.3376778679107,574.3999050022757
33.02307999694109,7.452514543134028,3.965004218800885e-08,616.0397542949775,613.7222290637094,574.4491768518092
47.71422602161449,7.1119758073343595,4.101469980962476e-08,617.5111948917776,615.1144382437587,574.4987212250666
47.74992201244065,7.114309273282474,4.0708683652624194e-08,617.1790670450654,614.8001942041773,574.4875382618926
38.05568788217753,7.342057541184665,4.0855911502744614e-08,617.3453456362255,614.9575193327364,574.4931369714858
59.4495200986985,6.902785297522165,4.2419682852628927e-08,619.027763600671,616.549345560635,574.5497850915572
17.068044808733898,8.08382575500524,3.8015794255225686e-08,614.2757073444515,612.0531692566733,574.3897802300561
82.12847633820239,6.594615098652753,4.4920464482255353e-08,621.7244305229603,619.1008073409548,574.6405836415219
51.68448703435276,7.037128054104854,4.1012832708784356e-08,617.5064923927164,615.1099889561855,574.4985628888284
48.02836176940089,7.107686318764545,4.1359631332141735e-08,617.8853183065024,615.468416551537,574.511318206653
3.2371497336044377,9.914240597770544,2.8597194422039592e-08,604.0558915092201,602.3836511971853,574.0456723051672
43.08196013507905,7.242150447276757,4.0938852747697714e-08,617.4319957154763,615.0395036384891,574.496054536679
48.56811778766711,7.119918363475972,4.160250581309267e-08,618.1485275877861,615.7174530253669,574.5201806363733
7.174261600297695,8.896666117398166,3.3932446688370586e-08,609.8476780254457,607.863572285614,574.2406855687749
85.98794277518566,6.553984441941529,4.463126412095409e-08,621.4078870446064,618.8013085114352,574.6299254142866
88.82526430073845,6.523018848659334,4.4692134069744465e-08,621.471805870847,618.8617855547244,574.6320776032316
59.20813768835788,6.926539331189113,4.2441147461231515e-08,619.0512226577541,616.5715414377212,574.5505749734476
24.136126349270153,7.750721666114324,3.904465723617184e-08,615.3882905917008,613.1058441752245,574.4272416401881
29.97795777443896,7.567082087615217,3.9832437464619944e-08,616.2397281268477,613.9114350738636,574.4559101023322
72.19206280022118,6.689923079819689,4.256797351849128e-08,619.1797200726883,616.693119761082,574.5549015659733
89.28154912844852,6.4948201555444385,4.468801614390909e-08,621.4670015851905,618.8572399613726,574.6319158397718
70.89125991338928,6.745620449140505,4.293359166423876e-08,619.5772820651958,617.0692745693776,574.5682877398988
88.64137932576496,6.500109154198733,4.501545950357923e-08,621.8226126014232,619.1937026921158,574.6438894967179
14.34833014526282,8.244577986497616,3.720954423118164e-08,613.4019708141706,611.226480078023,574.3603609460707
42.754183351899094,7.249038631268026,4.0905992090302665e-08,617.396551228307,615.005967700629,574.4948610974699
30.03659269070509,7.559472425700503,4.013466189917179e-08,616.5677665136652,614.2218098552371,574.4669553707001
5.407582712262188,9.224670204280716,3.2781692693995775e-08,608.5990022140819,606.6821328640929,574.1986418324459
23.88074507668103,7.77066447412332,3.8885611589452226e-08,615.2157871721496,612.9426294013415,574.4214333365263
40.5708552260972,7.278241599282526,4.0644328733926866e-08,617.1140156806849,614.7386456055712,574.4853479396432
59.91838170836372,6.8860404036077485,4.1982185017159817e-08,618.5527293779398,616.0998901037431,574.5337903766551
16.845715594085213,8.088456497549053,3.794383908530416e-08,614.1977195472352,611.9793808023841,574.3871543295996
67.10740543696326,6.799823556870831,4.3157529972529223e-08,619.8229211749343,617.3016869578224,574.5765585703801
29.64877133183807,7.581457681051429,3.929289068718213e-08,615.6542398387082,613.3574730781625,574.4361963263574
39.292872008116234,7.322505590802869,4.0497177063774264e-08,616.9551508645761,614.5883350487912,574.479998856735
81.934797880846,6.599836762128043,4.4376584576645486e-08,621.1346359311776,618.5427709194988,574.6207248694694
81.82893712785462,6.60602549819183,4.419739759335281e-08,620.940351871626,618.3589483093077,574.614183197325
69.88743517704695,6.752038198754282,4.3149979846878174e-08,619.8127499079777,617.2920633744712,574.5762160971279
5.094267976509432,9.287122573055608,3.2350011861885665e-08,608.1303870022754,606.238750779076,574.1828632498662
56.815098140362345,6.9611222517283355,4.1871345948468166e-08,618.4346033180186,615.9881246778176,574.5298129944782
75.61956864487803,6.671180613413218,4.3596412162007354e-08,620.2929489264782,617.7464055227447,574.5923847141024
6.282083334314179,9.070528397281487,3.36214462179039e-08,609.5104469315312,607.5444997890642,574.2293307759091
36.12263567884203,7.391030362992395,4.0324664357022426e-08,616.7700031085212,614.4131567872931,574.4737648099419
51.59424164695476,7.032575611429907,4.125024192433923e-08,617.7641864156791,615.3538071471426,574.5072396161714
2.1021250242465532,10.541111911566944,2.379259030620616e-08,598.8386418075746,597.4473303256283,573.8700040742123
63.12680652854565,6.855675027327148,4.205586863050351e-08,618.6304561284128,616.1734315676521,574.5364074874959
85.00180302319394,6.5406023068535015,4.43003454156604e-08,621.0496903510116,618.462399332111,574.6178646958821
87.49272466235374,6.51083022714219,4.4551820086018263e-08,621.3206095396656,618.7187305644528,574.6269867232575
1.897634283565706,10.751199799888562,2.2587666742910356e-08,597.5301755634848,596.2093199562203,573.825947154665
9.865469585689722,8.587220456527792,3.5634644230719414e-08,611.6945543773222,609.6110014493125,574.302871110982
31.191161736269613,7.55089666956175,3.9849229748077514e-08,616.2571656417499,613.9279336456557,574.4564972349347
60.170453273868944,6.899006066181577,4.1738825367585e-08,618.2884989022556,615.8498874229034,574.5248935626473
63.91421455501414,6.85437171090254,4.307661654827541e-08,619.7374044985843,617.2207750255836,574.5736791676085
41.746727385476085,7.254784958492879,4.0728429343894953e-08,617.2045100938248,614.8242672426188,574.4883949460885
73.10928439245079,6.703670219051936,4.32282907146069e-08,619.8954078876138,617.3702705398192,574.5789992457
5.741950596011719,9.155208428673808,3.2542463420402813e-08,608.3390361218887,606.4361649460948,574.1898886030366
24.86831195268814,7.748345968852011,3.9126111781643554e-08,615.4762523959546,613.189069574634,574.4302033720254
44.39986201090933,7.200839370952804,4.0568198051695274e-08,617.0288370334653,614.6580535008941,574.4824799185349
40.917063686127,7.287487737506713,4.0797371152422335e-08,617.2798912034665,614.8955893694337,574.4909330776588
3.735332084207545,9.69661834815684,2.9804563681061074e-08,605.3668250595515,603.6239960178833,574.0898123005394
47.49770325446875,7.142662635221248,4.0983160205387466e-08,617.4771123197403,615.0821908871388,574.4975736424361
58.734356687143375,6.9245821649316275,4.20803971674058e-08,618.6601150340242,616.2014934552691,574.5374061223666
53.1958709432256,7.03603175568349,4.1749421740495146e-08,618.3047897190061,615.8653010418288,574.5254420851684
43.45942896489917,7.231671963276902,4.0654600672521344e-08,617.1232377317498,614.7473710846556,574.4856584521717
2.049566768724665,10.570497209335196,2.3380158255792173e-08,598.390762512217,597.023567607713,573.8549236835858
7.911231861581341,8.805281265969398,3.451840161852702e-08,610.4835597959798,608.4652142685039,574.262096126466
33.45901414378463,7.461612000575441,3.976323181783097e-08,616.162336742644,613.8382109180401,574.4533042834943
38.438072980206925,7.331024400201556,4.0333510568956416e-08,616.7780744887655,614.420793554755,574.4740365786266
25.451390115546417,7.699665378451415,3.8864100628547186e-08,615.1914363522034,612.9195897793924,574.4206134283933
72.07172201670157,6.699204070335004,4.3220365768412944e-08,619.8875514826331,617.3628371720297,574.5787347153739
33.914262206036156,7.461425621952898,4.008623332057469e-08,616.512650719749,614.1696618348394,574.465099585647
59.49388326096791,6.927694350484106,4.2538921533822814e-08,619.157113253134,616.6717302318114,574.5541403794813
23.52564911708749,7.7701463717727055,3.886944341289693e-08,615.1984598830079,612.9262351200767,574.4208499152977
78.80066769972368,6.620674140762492,4.3968237509606546e-08,620.6939882955027,618.1258504642063,574.6058879735837
3.6283471433845738,9.75971843219986,2.949794712898113e-08,605.0339004002622,603.3089980710173,574.0786025081616
74.59013819014754,6.675187897353288,4.365227093267632e-08,620.3542867421776,617.8044405329834,574.5944499987238
59.378372137569805,6.931828081121523,4.2297684852644916e-08,618.8954384150096,616.4241455772783,574.5453296154719
27.67071914151832,7.621948100892352,3.9045114808449015e-08,615.3865311397795,613.1041794630222,574.427182398284
89.69155942121716,6.51441944683363,4.5604666975924267e-08,622.4608577582183,619.7975808020065,574.6653796311798
26.48979674188241,7.69167150289793,3.9050705889433926e-08,615.3933548112709,613.1106357060486,574.4274121557937
1.0247026925026064,11.888621829138565,1.5003621494530265e-08,589.2941256230727,588.4167496279841,573.5486339329819
7.825772975114802,8.848670324003756,3.5160249700148026e-08,611.1805920642129,609.1247140299861,574.2855656616581
18.749923171969595,7.992505224131287,3.803554532395861e-08,614.2961081413907,612.072471549162,574.3904671383149
3.016412830646112,9.990502324567048,2.7819296440497933e-08,603.211212181104,601.5844546021215,574.0172313963014
38.01872699195105,7.353269444075334,4.035938597114665e-08,616.8064371541152,614.4476289996628,574.4749915682345
55.8679873913717,6.975784714116233,4.1786696535576164e-08,618.3434016606332,615.9018338789068,574.5267421746537
1.123678310308046,11.711068581629288,1.623374335421632e-08,590.6300276376772,589.6807184571869,573.5936146329781
82.62697272287393,6.56180741319787,4.396493834537373e-08,620.687625424154,618.1198302090073,574.605673731518
74.06342058709565,6.678513395826105,4.358272064594672e-08,620.2792174883359,617.7334134697333,574.5919223675435
80.29284054168478,6.6019884586560424,4.4450483639712186e-08,621.2160012152581,618.619754995975,574.6234644921313
73.43654782646398,6.711601420911735,4.3222552964650465e-08,619.8889496805524,617.3641600823688,574.578781793618
52.41515735516936,7.080341643915959,4.212785160118195e-08,618.7159874888046,616.2543573932535,574.539287384689
73.00164734846852,6.693197960880631,4.2853844892972955e-08,619.4892735058893,616.9860049324952,574.565324433788
71.89998844976873,6.712838603396156,4.3000839468208666e-08,619.6495206718076,617.1376234048641,574.570720061324
31.91676104752027,7.519178206587908,3.979747559070386e-08,616.200512743,613.8743312876077,574.4545896945501
44.20755004810303,7.212580317144909,4.160140877006493e-08,618.1503163318059,615.719145452401,574.5202408645616
57.203438926414755,6.961614871823653,4.22423975104772e-08,618.8369613616082,616.3688172882909,574.5433606545998
53.11698226118083,7.03084520841623,4.163181542252362e-08,618.1772221037395,615.7446024519996,574.5211467996095
64.07688196408795,6.832730464190548,4.22128618277958e-08,618.8001319339054,616.3339709836182,574.5421205835315
24.07495385075065,7.767012878172466,3.9005943083758374e-08,615.3463001020132,613.0661147119048,574.4258277927661
56.86018409595761,6.950862876458651,4.1542098912451115e-08,618.0773064809158,615.6500669011742,574.517782574834
33.258277265240764,7.478079903208148,3.9769671059694127e-08,616.169457164353,613.8449479324263,574.4535440327792
44.664350023758765,7.207762783579923,4.139543868864866e-08,617.926465059492,615.5073477101347,574.5127036449051
64.4392628249307,6.8394366481598,4.2542232838022296e-08,619.1572388506686,616.6718490664018,574.5541446084329
41.99190011966474,7.232604151381032,4.00922967499101e-08,616.5139237284969,614.1708662969625,574.4651424486893
48.648250836534494,7.085804325313147,4.1311305966699545e-08,617.8324527021822,615.41839755668,574.5095381869644
44.84971710645958,7.196174624192492,4.1473757606796334e-08,618.0113383580939,615.5876509080426,574.5155613847246
83.87322658383906,6.554122730633749,4.4005846610244583e-08,620.731089378994,618.1609537970483,574.6071371914812
32.143265240996826,7.523355636646152,4.027001425361961e-08,616.7133083301994,614.3595148047272,574.4718558594446
1.3957351457703782,11.309686352898048,1.8958602725611314e-08,593.5891716640994,592.4805239591094,573.6932509597765
81.44758346472578,6.5968407633376005,4.3938588589414787e-08,620.6599024320024,618.0935999933561,574.6047402801275
19.91685857904686,7.925037815000911,3.8452884216908035e-08,614.7484905272695,612.5004948834935,574.4056991509627
1.6662558449499651,10.988941205978364,2.1217359407986693e-08,596.0421034764604,594.801374827728,573.7758427881865
28.24908160405774,7.593752276490198,3.9394921457190256e-08,615.7659010026086,613.4631217178528,574.4399560312307
62.873601368058395,6.846557877948104,4.2260095536164493e-08,618.8522179307847,616.3832523498963,574.5438743533244
11.699636898456976,8.423434866888032,3.691388155798071e-08,613.0825353395772,610.9242449751384,574.349605343419
87.28662136441191,6.527299697089412,4.454084274329973e-08,621.3088557464448,618.70760966779,574.6265909653046
42.13094574958785,7.271311490040893,4.0783090468487336e-08,617.2635793319173,614.8801558294294,574.4903838462089
42.08201020376522,7.262336951610987,4.0558433671682067e-08,617.0197825590378,614.6494865750897,574.482175048422
16.337730361566216,8.126800043621513,3.792279582627269e-08,614.1751860036593,611.9580606034623,574.3863956103579
23.846470032991668,7.753689090694191,3.883200542891547e-08,615.1576119129453,612.8875866560944,574.4194745372635
89.5277958401318,6.491965906695414,4.519571211621381e-08,622.0174456705041,619.3780447497846,574.6504496543745
12.44901187244713,8.379431070418573,3.675554284366077e-08,612.9101560695308,610.7611476657868,574.3438012199528
69.28953379721598,6.758373226279064,4.3198321588545855e-08,619.8656215204165,617.3420880539326,574.5779963191138
29.3079558726843,7.600077408246448,3.9421038860545735e-08,615.7935703942426,613.4893012191679,574.4408876778565
67.97423655057035,6.784771960934629,4.2929110868194274e-08,619.5744882633121,617.0666312029799,574.5681936707507
49.6056282556179,7.128696900071717,4.159608639696809e-08,618.1408518061718,615.7101905550702,574.5199221877549
57.65269045435465,6.956409913631861,4.2266163959720356e-08,618.8624375656902,616.3929216967684,574.5442184551573
31.42934380409136,7.511187410988409,3.9642437606510625e-08,616.032533932417,613.7153974899022,574.44893373745
41.202228401530654,7.2943436779421456,4.0453026171845455e-08,616.9059632283256,614.5417959775697,574.4783426766519
3.666534870456633,9.72691155804574,2.9467895082282226e-08,605.0012464582145,603.2781024181568,574.0775030284431
30.20295457204576,7.543282785291333,3.9198000174770046e-08,615.5508763718544,613.2596753364469,574.4327160104044
52.78739081524026,7.0345836635569725,4.169266771275938e-08,618.2434826498572,615.8072951225572,574.5233778358037
6.341820290080484,9.038503427281846,3.3321715579154394e-08,609.1849288427211,607.2365095973438,574.2183703676336
15.416214169645396,8.17196768078946,3.727829180611225e-08,613.4759674399436,611.2964922701004,574.362852461158
29.003716821916104,7.588389482382055,3.923249201020015e-08,615.589088342256,613.2958297392114,574.4340026325954
11.911067369997316,8.41111516091095,3.631680999192772e-08,612.4340865612194,610.3107126694614,574.327771646304
4.311907496612185,9.499867089338268,3.0433030096239025e-08,606.049034486716,604.2694710912774,574.1127827409177
68.12978670497232,6.783710920380596,4.3128264538288755e-08,619.7904425940718,617.2709572236217,574.5754649951881
18.22092370734492,8.019263258785605,3.80770021008213e-08,614.3414475177744,612.1153695745097,574.3919937449558
63.7426299870322,6.835847629309761,4.2717182678584825e-08,619.3475456431037,616.8519085700135,574.5605523633761
39.84204971729213,7.313090377209406,4.0357575318650145e-08,616.8032653587339,614.4446279932637,574.4748847717967
7.989017649304757,8.799124290176449,3.4575888426277545e-08,610.5459409730248,608.5242364590927,574.2641965417505
24.89733850533248,7.719331736296459,3.864962068674727e-08,614.9589438129392,612.6996160691656,574.4127852515917
79.6217356163933,6.641480832803076,4.429362565787308e-08,621.0463472655169,618.4592362589121,574.6177521319934
78.155196057356,6.649652910568289,4.334743533088168e-08,620.021043838517,617.4891414779814,574.5832294908486
24.939867681941724,7.7306771040640845,3.9206892172429035e-08,615.5639036855524,613.2720011794073,574.43315464863
14.36520471936371,8.242860983138714,3.7245390292685736e-08,613.4408820725438,611.2632961147914,574.3616711137479
2.6057415273561095,10.192824601727253,2.605503535469788e-08,601.295433155282,599.7718329084591,573.9527258557174
66.12716048315289,6.815643704932214,4.236564166863275e-08,618.964462530739,616.489453009853,574.5476537028737
62.44950172478198,6.876894312457436,4.299384945239041e-08,619.6486417300181,617.1367917907094,574.5706904667755
3.02212909441394,9.97479643631301,2.7592300949283098e-08,602.9646969490675,601.3512132671947,574.0089310662057
6.308444583699394,9.046027262068613,3.3984045141931176e-08,609.9041884268354,607.9170398192366,574.2425883111795
30.090725677024395,7.568893454401408,3.9566220942492094e-08,615.9506662729883,613.6379380890581,574.4461771994795
61.38039427829807,6.879534735964649,4.24805011413366e-08,619.0924035372143,616.6105048852105,574.5519615607604
83.6618231841763,6.596176040059573,4.470464901365438e-08,621.4892042732274,618.8782471200536,574.6326634188896
22.433278148397008,7.824163598108486,3.8668919344734625e-08,614.9814518248335,612.7209121111886,574.4135431111648
35.3581387271671,7.418366481139676,4.0140971499540046e-08,616.5711183315075,614.2249811905801,574.4670682286127
42.9403546245815,7.249945661300656,4.119461323698198e-08,617.7096749208608,615.3022308866606,574.5054041782665
15.300009276347074,8.147639058285748,3.695487957651946e-08,613.1248834373604,610.9643127907333,574.3510312317408
10.607284095118365,8.545443409863745,3.731233259525553e-08,613.5158531880656,611.3342303240929,574.3641954405464
35.55783016285464,7.397782516570066,3.972125530344189e-08,616.1154063803446,613.793807575249,574.4517241073105
67.79744547326251,6.819432783426522,4.3414866552513476e-08,620.1016191434554,617.565378112654,574.5859425143929
87.87045532193825,6.534693172377161,4.517516191898639e-08,621.9963991132219,619.3581314686637,574.64974100294
74.61928531976095,6.6772626228813285,4.321994405139997e-08,619.8852747177391,617.3606830021686,574.5786580552016
42.69877771830726,7.227005065116662,4.035632619659201e-08,616.8000183528806,614.441555826187,574.4747754429727
23.93234520216174,7.767056391736869,3.9437362789941624e-08,615.8147572594062,613.5093472531305,574.4416010535497
34.394937490924384,7.434442090895911,4.0159550667920187e-08,616.5919187870762,614.2446616216183,574.4677685936406
55.37393202486741,6.989056731638408,4.249987484657581e-08,619.1176282234023,616.6343713190653,574.5528108925449
65.42037690609477,6.8276945839322085,4.274239946165849e-08,619.3737229536546,616.8766763330732,574.5614337706498
83.96093683206989,6.558229214260498,4.4415680736712825e-08,621.1755528196603,618.5814845909093,574.6221025680323
67.1619065274656,6.801738289255295,4.283569016668255e-08,619.4737088284063,616.9712783530306,574.564800360854
37.086189645078846,7.364795904259339,4.0417164985608275e-08,616.8697687941594,614.5075504744739,574.4771239862337
48.188112135153055,7.106826810693077,4.1741434208601897e-08,618.299558275891,615.8603512918045,574.5252659390359
80.404807117136,6.614870323228754,4.403747159259671e-08,620.7679202312777,618.1958014495935,574.6083773105163
42.86810122623107,7.240584787095552,4.1047279041414025e-08,617.5498176359858,615.1509813017404,574.5000216782819
17.795362962685527,8.037892337282011,3.7657720555196496e-08,613.886481350864,611.6849015858174,574.3766747347003
4.0932669059916496,9.609628776199212,3.0002606717688674e-08,605.5817189051829,603.8273186564423,574.0970479177446
83.93408284557529,6.559737737367872,4.4119008819451856e-08,620.853786681367,618.277044321601,574.6112684903999
47.96190071021708,7.141065668007873,4.1025822680641606e-08,617.523099052345,615.1257014110648,574.4991220459871
7.032508783363732,8.909748801957939,3.3999380426022494e-08,609.9204406886736,607.9324169592835,574.2431355355312
25.949921785349577,7.699908605395917,3.88871854034913e-08,615.2161805993885,612.9430016440368,574.4214465834804
54.29447449622651,6.99294325750069,4.209434069018893e-08,618.678321109842,616.2187192039274,574.5380191329209
62.213883997578925,6.878856294351208,4.2563185737374465e-08,619.1815337366661,616.6948357662302,574.554962633233
39.63352876760057,7.3102101871766285,4.053728165093809e-08,616.9984534589556,614.6293059650119,574.4814568835855
39.58851089762071,7.314562075805243,3.993564757555588e-08,616.3454798828413,614.0114925045345,574.4594708335522
38.33681709378611,7.377773917579445,4.103572094057476e-08,617.5403231746302,615.1419980806116,574.4997019935197
77.39092123435046,6.6546740104063495,4.379202241669061e-08,620.5038623495527,617.9459620691922,574.5994863078606
4.54290088642016,9.418212647553396,3.097958663651755e-08,606.6424562573934,604.8309393819953,574.1327636424705
79.98891506970064,6.60590296668629,4.3585871408530296e-08,620.2783646152794,617.7326065206105,574.5918936507463
80.87345930108707,6.600415701489941,4.3609854729753657e-08,620.303741362925,617.7566168279983,574.5927481025401
67.85359608359443,6.780337609341207,4.3227277884846986e-08,619.8980605543736,617.3727803706765,574.5790885627355
49.105406078788576,7.080863823367993,4.1391365857364986e-08,617.9190255133161,615.5003087549068,574.5124531504893
70.68364624846608,6.746143662529268,4.316681088026172e-08,619.8304421361553,617.3088029442084,574.576811806094
73.38637449262981,6.713932072000538,4.3582701284916096e-08,620.2796840769264,617.7338549343227,574.5919380778884
56.63170250357195,6.979935506252089,4.2446733763443144e-08,619.0590848609402,616.578980291505,574.5508396990031
85.55277828089123,6.546149579709648,4.413828351875744e-08,620.8735094982393,618.2957051406418,574.6119325706237
81.11599906476296,6.607445309187756,4.44582184495961e-08,621.2237855852783,618.6271202076094,574.6237265969929
65.15134950467156,6.81203256519245,4.2104840068988664e-08,618.6821843933951,616.22237446452,574.5381492122206
21.82734929268302,7.8539381133307185,3.8372101782205264e-08,614.6595874875359,612.4163789305147,574.4027057271073
53.778236680925346,7.0183698178977325,4.155393144006456e-08,618.092253453296,615.6642090365801,574.5182858492307
16.683554033741434,8.103718063562143,3.816031350349549e-08,614.4328587259578,612.2018586407139,574.3950716204936
76.24448929981767,6.69724606921659,4.3396709679272174e-08,620.0758653302412,617.5410110432282,574.5850753665533
36.040165987155206,7.414646425926145,4.007401303660888e-08,616.4979902952978,614.1557908178587,574.4646059595076
25.137467064974427,7.719038982691849,3.9764461819643716e-08,616.1690856845603,613.8445964553916,574.4535315248102
37.26222480656703,7.349249180819608,4.0284163776078434e-08,616.7252898379413,614.3708511543599,574.4722592846955
17.85682917561197,8.049814423691002,3.833807255894669e-08,614.6251280602818,612.383775010882,574.4015454555138
19.94024548608654,7.920065116752426,3.8017655848595514e-08,614.275946374333,612.053395415715,574.3897882783494
4.712465794366309,9.406067899920837,3.152394205608328e-08,607.2335151115014,605.3901719901129,574.1526649830674
48.42986226544158,7.117095795119798,4.1569705522957384e-08,618.1130259732411,615.6838630362204,574.5189852736478
33.42761623503809,7.453595326681418,3.9386537509154775e-08,615.7534614928493,613.4513520278497,574.4395371847506
56.28442108248694,6.978844995715013,4.170346281346616e-08,618.2527975998438,615.8161084983137,574.5236914763
67.72429150126075,6.785513428560719,4.29307830534881e-08,619.576479522217,617.0685152402515,574.5682607177486
27.473281801118898,7.655463001132047,3.966163544124926e-08,616.05594065473,613.7375438502445,574.4497218571944
40.3473368999978,7.291210626341722,4.035376085693025e-08,616.7987908168147,614.440394388217,574.4747341110256
74.85005789632223,6.693324388810332,4.3728444167332387e-08,620.4367321406356,617.8824465638322,574.5972259895476
19.05119078238955,7.990956335649183,3.8080698011106526e-08,614.3449442390882,612.1186780108296,574.3921114818636
82.66965192813704,6.5543797565420325,4.396600230630785e-08,620.6887484058728,618.1208927224797,574.6057115430515
5.854876749463571,9.133043943959755,3.2924458996961066e-08,608.7537984005753,606.8285938713136,574.2038539219174
11.918718547640472,8.423892102870497,3.689987584120638e-08,613.0671956386884,610.9097312581437,574.3490888455949
59.68441831084809,6.920038917050517,4.2097708358220825e-08,618.6782401136581,616.2186425690766,574.5380164057261
64.53660918420705,6.854390857752905,4.2583503053492754e-08,619.201947625797,616.7141504459463,574.5556499823145
44.92427860205063,7.196353742725079,4.080929473484993e-08,617.2901489420314,614.9052947682296,574.491278462467
16.479464525030863,8.101067220197985,3.790697351943865e-08,614.1579190721583,611.9417234298113,574.3858142214108
10.533355374100893,8.507248821552194,3.6242451626342175e-08,612.3541592268399,610.2350891146255,574.3250804403548
13.900594428579607,8.266767249237626,3.7490703557390225e-08,613.7075261609522,611.5155824445932,574.3706491956845
67.3381368655098,6.775193232265201,4.2996076682421254e-08,619.6475918825654,617.1357984735042,574.5706551177209
83.46685173712284,6.575755661103593,4.4215118148408034e-08,620.9583740278661,618.3760000417502,574.614790015186
28.856275118603385,7.619909116225209,3.9680983093110356e-08,616.0760464838282,613.7565670577759,574.4503988336919
54.09750259885536,7.017987286529942,4.1248030394488e-08,617.7600882518651,615.3499296536878,574.5071016282988
57.805977494474575,6.924845599779393,4.2508328633321e-08,619.1250998608953,616.6414406376163,574.5530624674964
68.71387909797225,6.792697903323134,4.351811658452869e-08,620.212978872006,617.6707415481288,574.5896920697396
26.444762722922384,7.68402809683531,3.9540542342025865e-08,615.925149231063,613.613795041698,574.445318023885
63.859818889307,6.854716514327331,4.270723223540635e-08,619.3366670342051,616.8416157323633,574.5601860734553
15.566088257759684,8.163742836697512,3.751277618436118e-08,613.7304738343566,611.5372944740451,574.37142185895
83.22853749772672,6.552725270145094,4.410142501879939e-08,620.8352296742327,618.2594865379278,574.6106436637573
84.97121695867583,6.539124377641769,4.4651983234121786e-08,621.4311115436966,618.8232824605744,574.6307073984552
63.41829180744553,6.851284351427517,4.1996082105401346e-08,618.5653861735925,616.1118653796299,574.5342165392943
4.19093777065739,9.541305420418192,3.025240450221611e-08,605.8529419691358,604.083937401567,574.1061801768013
38.84204118010016,7.330543072782815,4.0458800228961934e-08,616.9137961810351,614.5492071559024,574.4786064173245
78.6128462245454,6.616960032568146,4.3646154399133745e-08,620.3447483370921,617.7954157343256,574.5941288343473
76.64179220882993,6.624990054445262,4.312077078093813e-08,619.7762491748432,617.2575280654286,574.5749870934219
35.2290640181993,7.416432649708415,4.0194651700698504e-08,616.6294706357758,614.2801914476955,574.4690329890994
48.662102383697885,7.096783100211108,4.157831465066638e-08,618.1222102629476,615.6925527872505,574.5192945147264
25.60605439761775,7.711015802966228,3.9370073479163476e-08,615.7406283439185,613.4392098946306,574.4391050841806
28.322111590242105,7.613626942738569,3.939316449520735e-08,615.7639466421143,613.4612725921543,574.4398902266267
75.13018527692199,6.680198382574095,4.3332881600085475e-08,620.0074241778318,617.4762551836409,574.5827709079101
18.42198955138795,8.008869486374175,3.8804943190577735e-08,615.1316696463023,612.8630412807322,574.4186010440728
72.74934111098543,6.72360343962253,4.3558281897568315e-08,620.2536517210274,617.7092243206644,574.5910615513332
17.043363023302454,8.077527449342272,3.7801821819879886e-08,614.0434016653602,611.8333723449177,574.3819583449595
7.160335716468968,8.921579722226063,3.4903872474082645e-08,610.9025696288066,608.8616620334094,574.2762044632899
36.15054228323379,7.404693913878398,4.0149007600340494e-08,616.5793198820745,614.2327411191936,574.4673443802178
78.05439263212592,6.6439356311415345,4.3984457554875715e-08,620.7121257602361,618.1430112962233,574.6064986739576
70.26172016179946,6.74901196712656,4.265345295543483e-08,619.273811927798,616.7821451316858,574.5580697006573
42.07757033448211,7.235967135718014,4.0495326944973975e-08,616.9512931108574,614.5846850202728,574.4798689636285
26.60438285723151,7.6734037232238,3.9451623430223284e-08,615.8285160391472,613.5223651755008,574.4420643207184
52.573652944267494,7.023849000613999,4.177723904010389e-08,618.335403471035,615.8942663610561,574.5264728703463
1.69308912290263,10.945453836898894,2.1045628304210857e-08,595.8555939011485,594.624908075702,573.7695628880429
15.307280788150225,8.15206812262188,3.764856315341637e-08,613.8780669947639,611.6769403104305,574.3763914177928
10.4625452436932,8.531134189369919,3.6476013687098134e-08,612.6078165602657,610.4750879762514,574.3336212497045
49.37724355313749,7.0867865675945145,4.1353986028072435e-08,617.8782751730237,615.461752663707,574.5110810597137
88.50934025660962,6.521722067137662,4.4842014172430394e-08,621.6345964105755,619.015810450006,574.6375588678375
74.39931826221972,6.667848363207156,4.4331888397133336e-08,621.0916802988862,618.5021282827923,574.6192785250608
63.19455268146109,6.858543163463115,4.213198797784341e-08,618.7129982748662,616.2515291369888,574.5391867358885
36.81874766588383,7.379941620238129,4.0016311522276686e-08,616.4348481391231,614.0960486239395,574.462479921555
34.79938638690992,7.415597185414072,3.989013742450665e-08,616.2992149855871,613.9677187940555,574.4579130640145
72.99483922570025,6.712030712969633,4.3709979345016017e-08,620.4180414960573,617.8647623385773,574.5965966632442
76.42927518666805,6.637785066761129,4.3392865469995696e-08,620.071562634164,617.536940030786,574.5849304919446
43.71079606077962,7.230476523888971,4.07223479084927e-08,617.1965971309966,614.8167803624044,574.4881285114226
84.44809669759128,6.551262649963946,4.434052567530404e-08,621.0936779567115,618.504018374427,574.6193457875145
69.24499961093137,6.7624384726386175,4.2712141955081086e-08,619.3381993101696,616.8430655011605,574.5602376661953
3.8715612111717665,9.643473562322052,3.0261640487459296e-08,605.8631291273484,604.0935760204912,574.1065231851226
38.76869325813416,7.316645590475167,4.017466486774433e-08,616.6054452764937,614.2574597616056,574.4682240394411
49.18331021466714,7.093680474614468,4.141093488788756e-08,617.9402093366557,615.5203519108358,574.5131664237623
30.117836282325214,7.574851662962876,3.958028179234948e-08,615.9659123114926,613.6523631870276,574.4466905436294
63.28783442093576,6.846166453696487,4.218280855879996e-08,618.7680734849089,616.3036387587985,574.5410411544559
83.81938870952256,6.570956029733841,4.4529670097642375e-08,621.2992959899059,618.6985646673725,574.6262690820105
27.23910963824551,7.653972815450486,3.9726116512188335e-08,616.1260922509798,613.8039180528501,574.4520839076073
81.83521709309393,6.610577149145044,4.4161128408400015e-08,620.9010065595487,618.3217215909576,574.612858414774
86.30939716803235,6.542507896874075,4.4751743354820014e-08,621.5383226520482,618.9247206630918,574.6343172670296
87.84089588315881,6.508592577334062,4.48009605099815e-08,621.5905670344408,618.9741518864324,574.6360763697671
51.64271496700105,7.0502213598393215,4.1348524352997694e-08,617.8708081786571,615.4546877382678,574.5108296410992
41.92199423286445,7.266309095012419,4.0643806633958727e-08,617.1125481511098,614.7372570968192,574.4852985269566
4.845888901992468,9.36677523389386,3.167162519946893e-08,607.3938232850229,605.5418481850602,574.1580626647697
20.2291866461309,7.941812396087967,3.9194396687023143e-08,615.5533544918468,613.2620200192089,574.4327994503354
44.88387274075398,7.187250089996717,4.1386612607691864e-08,617.9167369574008,615.4981434289253,574.5123760933055
2.8683122304112576,10.050470418309343,2.65748818890014e-08,601.8598663157092,600.3058735140941,573.9717306916855
68.22780463650555,6.762500169113657,4.2776301851362694e-08,619.4085242754522,616.9096037375433,574.5626055540577
70.14294242060936,6.746920713010862,4.3757815826443e-08,620.471997224077,617.9158127581651,574.5984133881152
86.01316883961975,6.545409410138835,4.4596377009189846e-08,621.370029202721,618.7654891687283,574.6286507158359
29.81168584688973,7.563480915727523,3.934356342718828e-08,615.7091425518807,613.4094194913948,574.4380449368417
83.11990447002827,6.5615290868536995,4.4274031560301214e-08,621.0225294269478,618.4367009193429,574.6169501696942
78.87073718500523,6.606355333387553,4.3827614482801954e-08,620.5413984455643,617.9814769908031,574.600750172916
25.719978828127356,7.693278096628408,3.928885656341746e-08,615.6523851065335,613.3557182161817,574.4361338763046
71.9718931496476,6.715005463400516,4.2609136383511496e-08,619.2245304271754,616.7355172503275,574.5564103600989
47.65135559290058,7.109721917464818,4.0471032359330066e-08,616.9212216986579,614.5562328379609,574.4788564393896
58.89783968540576,6.9358256697613605,4.2738868677069024e-08,619.3744866810565,616.877398936692,574.561459485854
31.769813971664817,7.505808042413013,3.976644608938609e-08,616.1669256034093,613.8425526863026,574.4534587934562
9.811488705654783,8.574822657876593,3.5832428056242925e-08,611.9093532048043,609.8142341860841,574.3101035288636
30.225882987478705,7.552082472347692,3.9461813574472875e-08,615.8372407510058,613.5306200951824,574.4423580875084
10.534394071231644,8.545242123903934,3.6888908392851496e-08,613.0561189110219,610.8992509696592,574.3487158848847
66.00789235575081,6.779148338482906,4.242844598441242e-08,619.0326853405289,616.5540022837312,574.5499508097772
23.053970093994657,7.8029890400862225,3.8597285519460815e-08,614.9032901820124,612.6469591722117,574.4109113572124
66.71387294255139,6.786681961136516,4.2998102808487136e-08,619.6502329633287,617.1382973422263,574.5707440446483
77.50580281396459,6.652660368317576,4.3685104850407855e-08,620.3877993830891,617.8361486470767,574.5955783913981
77.76950257601897,6.662814305461708,4.361493693555541e-08,620.3114939064973,617.7639519269167,574.5930091357842
16.70736395843394,8.091150822884018,3.772860308901321e-08,613.9641111125042,611.7583512833693,574.3792885798632
68.10284260119128,6.762400733122174,4.281036110294214e-08,619.4455638565461,616.9446488796551,574.5638527011291
83.5399658207837,6.535252272458626,4.378778227370438e-08,620.4948068405146,617.9373941644868,574.5991814029119
62.97368650468483,6.8567724750677,4.221581910616379e-08,618.8041083400782,616.3377332756124,574.5422544717442
87.28014028169899,6.520133479834876,4.490423488976133e-08,621.7029945313005,619.0805255949997,574.6398618775755
86.22523153498024,6.521442156994342,4.510301888218066e-08,621.9193835613443,619.2852629080411,574.6471478386239
40.10777410655096,7.316768086568779,4.0111243830651114e-08,616.5357275327775,614.1914960502434,574.4658765971286
63.59222146307883,6.8607027979932855,4.245399472926046e-08,619.0620956770879,616.5818289867832,574.5509410751642
78.58747947293121,6.624825351283388,4.3618498358015714e-08,620.3147670146668,617.7670487908001,574.5931193434903
72.97611238546808,6.715047460972857,4.3693120491064014e-08,620.39976596828,617.8474708776803,574.5959813141968
2.046064096280907,10.582182275616052,2.3435792870620405e-08,598.4511828261759,597.080734520151,573.8569580753198
75.36483669544907,6.652141489671665,4.32905121960425e-08,619.9612940176416,617.4326089551532,574.581217675058
16.556098237033336,8.10364206747636,3.8429989780924686e-08,614.7257417628819,612.4789710525728,574.4049331850947
41.02298661088697,7.270237821102446,4.0465256548768434e-08,616.9193565291786,614.5544681006843,574.4787936379058
13.214712695708371,8.300963857935805,3.7358486802162024e-08,613.5643825327738,611.3801465502398,574.3658294555202
76.26423304956086,6.66680861210897,4.3221324916755694e-08,619.8855974087926,617.3609883175499,574.5786689204217
75.97546513686751,6.642883978351586,4.38839138661143e-08,620.6045696807894,618.0412466979776,574.6028771899794
26.42858827591594,7.651754109834102,3.8940182626633924e-08,615.2734099867045,612.9971494489588,574.4233735346143
39.188678122612465,7.314978801241207,3.923416121537979e-08,615.5843556233432,613.2913518590093,574.433843278835
31.755788320946653,7.520536085955991,3.925150182892607e-08,615.6079568145929,613.313682216884,574.4346379464764
65.13875260668114,6.846725629446244,4.269859837131145e-08,619.3263989234312,616.8319005198617,574.559840339408
83.54303345950095,6.584434107343442,4.3953267417417094e-08,620.6742995380661,618.1072218706317,574.6052250401635
36.83817130409513,7.381379715239018,4.023869681866271e-08,616.6762186865095,614.3244222956974,574.4706070267328
71.72443201653167,6.705356173243922,4.324546958750196e-08,619.9150333971356,617.388839291136,574.5796600495212
64.28322271898696,6.847502148644663,4.3247196424992415e-08,619.9222176603685,617.3956367094255,574.5799019483923
34.0043764648619,7.441841584000031,3.9885963165906195e-08,616.2952033742262,613.9639231925371,574.4577779904199
74.10506616747244,6.679036795908692,4.3139984149508226e-08,619.7989003177001,617.2789595313625,574.5757497723088
20.027595143487968,7.9345299699829726,3.7950959193761166e-08,614.2034793817538,611.984830491967,574.3873482670184
39.42291371422853,7.30990085469577,4.036417276992782e-08,616.8107035261045,614.4516656439296,574.4751352197871
56.215353381691784,6.976277456813366,4.1600319190457014e-08,618.1409228317655,615.7102577562089,574.5199245792334
79.0803360734792,6.611233830247913,4.4007346349821506e-08,620.7362075031815,618.1657963299333,574.6073095220909
4.837260356015818,9.342518744199817,3.20051482095098e-08,607.7560173219512,605.8845394661538,574.1702579763548
31.740444768040664,7.496130751537082,4.000310375427016e-08,616.4238393991009,614.0856326622262,574.4621092500336
11.514476674089932,8.445690835748945,3.6680438205848014e-08,612.8291641041067,610.6845168061932,574.3410741671756
58.25745451675573,6.9401840196746525,4.281933253515091e-08,619.4622468396656,616.960433548299,574.5644144281499
31.358771174041163,7.519447602113957,3.914569479619095e-08,615.493356462056,613.2052526525607,574.4307792771873
76.83610637263834,6.662131826014759,4.3240533311684987e-08,619.9060254026385,617.3803163424965,574.5793567444183
57.871353197968816,6.916727753514992,4.2186756788313395e-08,618.77612204125,616.3112539313365,574.5413121546447
57.29302089226754,6.933222615973282,4.2303307571765616e-08,618.902992098381,616.4312925238528,574.5455839529623
62.879885615896754,6.87128993393477,4.2650315943454234e-08,619.2756027863285,616.7838395593724,574.5581300000425
82.81148869014298,6.594984969216191,4.4490702367592376e-08,621.2577720611948,618.6592766425151,574.6248709440038
15.191591228586963,8.186533602465273,3.772011243858317e-08,613.9558249685392,611.7505113163871,574.3790095799427
48.42249440241955,7.136869043440344,4.1609162718069327e-08,618.1558514597659,615.7243825350093,574.5204272359628
64.7689913869672,6.81248021756167,4.2582338946170854e-08,619.2005214189215,616.7128010348258,574.5556019609905
12.28975030769338,8.370012711380152,3.6679248459807825e-08,612.8274087897199,610.682856008735,574.341015064585
42.733910539535145,7.24926712376057,4.1196830710670384e-08,617.7122211747876,615.3046400346067,574.505489912312
4.025005479051922,9.55138465988565,2.9730058044250564e-08,605.2857741636158,603.5473094009595,574.0870832635331
2.5884673115253194,10.22567619148858,2.5844326887006193e-08,601.0666137311833,599.5553345302735,573.9450213551207
60.53228224338046,6.883398061157811,4.30400418398904e-08,619.7001206129909,617.1854987338298,574.5724237946438
47.5762534478534,7.140394797423748,4.138620363450122e-08,617.9144631510649,615.4959920583152,574.5122995327498
51.903056892867184,7.039913155066721,4.1926940413574176e-08,618.4983172651688,616.0484078739674,574.5319582850093
80.33763001225958,6.62009540492764,4.42894121194245e-08,621.0412520742696,618.4544154241166,574.617580573551
25.781336636563804,7.703161820056617,3.9573149501999434e-08,615.9609767382026,613.6476933753763,574.4465243596286
88.06168321751151,6.5115649256597985,4.5052569690652015e-08,621.8632943418647,619.2321938773027,574.6452592776914
77.41796103342652,6.6379535468053446,4.38640280611727e-08,620.5819516233927,618.0198465359792,574.6021156251018
28.437459209353506,7.58879981095958,3.973102958622614e-08,616.1306471051622,613.8082276456535,574.4522372725452
78.24824134745819,6.637664143730896,4.402778004262317e-08,620.758978643492,618.1873413319194,574.608076241371
45.09859680522597,7.185025820216556,4.115827613471816e-08,617.6687791322911,615.2635371790138,574.5040271901516
31.116526173995027,7.528605466020825,3.9344963662023016e-08,615.7098224070915,613.4100627390173,574.4380678280141
16.958077345742854,8.090934149272814,3.8363836717907446e-08,614.6536638191487,612.4107742288869,574.4025062732943
5.590395091872296,9.202753148234914,3.269659037575069e-08,608.5064887948807,606.5946009366949,574.1955268447377
66.66550656216168,6.791352550266086,4.2773022743185393e-08,619.4060694021815,616.9072810497563,574.5625228968592
42.73166588139612,7.233798277231468,4.042694781373274e-08,616.8766444465315,614.5140558994106,574.477355493974
83.96587138268525,6.562754259544707,4.415790864568925e-08,620.8959562205797,618.3169431933177,574.6126883665372
26.397960072227775,7.667469214530385,3.9461297683099584e-08,615.8391515537674,613.5324280085645,574.4424224254949
62.7034452037313,6.857050124526964,4.217176834921408e-08,618.7565011875635,616.2926895851562,574.5406515075886
86.13059224568484,6.538912973689743,4.443884909694744e-08,621.1990851416795,618.6037497878967,574.6228949168014
46.3147114590964,7.167819787896882,4.1157542260694695e-08,617.6671607620991,615.2620059518323,574.5039726985623
77.35524825130022,6.662184436553583,4.4004294518980226e-08,620.7341527320756,618.1638522003484,574.6072403365955
84.1780980058439,6.55872303994479,4.414057448874233e-08,620.8769995386072,618.2990072557591,574.6120500825797
27.089790777818997,7.655348934124683,3.980528604297492e-08,616.2121347346283,613.8853274796868,574.4549810146567
52.900094583655914,7.047544566028992,4.149085084791373e-08,618.0244008569819,615.6000100416059,574.5160012076586
67.64068780644472,6.762355807668185,4.193564953708169e-08,618.496896789844,616.0470638857754,574.5319104566703
42.61590905164773,7.248367405900303,4.0487626995672835e-08,616.9425783886728,614.5764395523597,574.4795755331974
32.81570264666335,7.485408554155122,3.99256378182804e-08,616.3390463753136,614.0054054166429,574.4592542131198
21.73525184920742,7.835333397362651,3.8296841673988875e-08,614.5779371642328,612.3391251630818,574.3999565069872
23.985770287840996,7.751953589958048,3.870578088019713e-08,615.0204892783009,612.7578475479309,574.4148575279138
14.446396554683371,8.228245255007351,3.7232954352139606e-08,613.4273298881112,611.2504736633667,574.3612148027793
3.908101562802086,9.631115436837677,2.9714546617898027e-08,605.2689858249993,603.531425049807,574.0865179891235
66.58632923784664,6.766737563484753,4.260741323314824e-08,619.2264490406653,616.7373325538603,574.5564749610777
17.044715590046906,8.057952480013517,3.775755374327908e-08,613.9953366817194,611.7878954757807,574.3803399653284
2.3095716696238924,10.37285259591,2.4477506457392644e-08,599.5823749692594,598.1510163170685,573.895046059221
41.89404023564654,7.247423555744936,4.101436106209102e-08,617.5147463197627,615.1177984410062,574.498840803984
50.68210041877768,7.084290588673586,4.1519319178495486e-08,618.0568079331581,615.6306721213726,574.5170923752407
35.757078642031935,7.382427344034337,4.0590689305828544e-08,617.0590003497174,614.6865926385788,574.4834955372437
27.372448036257133,7.623996728290029,3.927393509135131e-08,615.6351250620044,613.3393875586656,574.4355527192463
60.9487128098789,6.873563969623699,4.227277720263061e-08,618.8673185750592,616.3975398825561,574.5443828019551
82.91808442950924,6.5785959594058365,4.4071640828273176e-08,620.803150398072,618.2291346074066,574.6095635334174
69.75879225844972,6.750510689089675,4.2980877408869954e-08,619.6293845582524,617.1185715435772,574.570042065129
72.35371334268739,6.710314603080866,4.290714672583623e-08,619.5475563885674,617.0411495061061,574.5672868568041
39.70859941567289,7.336120705883029,4.097576774179937e-08,617.4743281161952,615.0795566022463,574.4974798964705
87.04958965608836,6.547090499484448,4.5277038823750084e-08,622.1075095406102,619.463259026885,574.6534821641525
73.20024653103212,6.70096879955699,4.3086182410601773e-08,619.7411795806903,617.2243468340378,574.5738062771073
37.35072546552955,7.353943880408642,4.019563228920077e-08,616.6291375705034,614.279876316707,574.4690217745725
74.5779478608614,6.662302905161539,4.351377790555125e-08,620.2040573112771,617.6623003791314,574.5893916749186
36.783018338346906,7.381882905941127,4.0264349440597705e-08,616.7040991605998,614.3508015134905,574.4715457806436
34.73235089806134,7.435934759496629,3.998996494362584e-08,616.4076178432894,614.0702845748045,574.4615630595739
53.87219722834709,7.015337099778086,4.2022682681223796e-08,618.6008539608815,616.1454233629879,574.5354107630338
17.041728278694222,8.064856045120639,3.7913613390859155e-08,614.1647805925327,611.948215483704,574.3860452533174
72.01703271385782,6.727538372508688,4.3187104445370726e-08,619.8515069979408,617.3287335442055,574.5775210738532
73.66180471711981,6.702207913237837,4.3213763541503584e-08,619.8792538409184,617.3549863264075,574.5784553283166
1.045090117456578,11.859204183529336,1.5334161559802492e-08,589.6530912962197,588.7563863802694,573.5607205434341
3.2859849180786753,9.871018354005976,2.85059486769318e-08,603.9567780973787,602.289874661366,574.0423350913634
67.5578373313968,6.800555672567325,4.302539818662345e-08,619.6792475859003,617.1657496389672,574.571720986085
5.857683490464791,9.120817437085108,3.304681908840898e-08,608.886671907758,606.9543126511865,574.208327860349
5.29786302087031,9.250083457282964,3.28149153439174e-08,608.63513866204,606.7163235033148,574.1998585704303
87.20233100521425,6.529223494725132,4.466426750213059e-08,621.4427842451165,618.834326631918,574.6311004259938
53.17012104776675,7.037940146228973,4.199883760417794e-08,618.5754635496688,616.1214001277635,574.5345558511788
55.34191576342546,7.0049216825170335,4.1847524448168453e-08,618.4097692896142,615.9646278663273,574.5289768163984
48.72143980197325,7.096420409879943,4.0872101063376586e-08,617.3557632534494,614.9673760013405,574.4934877395136
65.001547241834,6.819843731347057,4.2999029217215617e-08,619.6524525714492,617.1403974329866,574.5708187803144
60.98259788808302,6.886009866979823,4.1729108407117794e-08,618.2773972028124,615.8393835072764,574.524519761121
60.716695814250265,6.870929993794818,4.2233897924810454e-08,618.825294766062,616.3577788940433,574.54296783265
80.91235666928965,6.601316965608655,4.360221171915629e-08,620.2954228955903,617.7487462781354,574.5924680142706
39.32768186377964,7.300569627797583,4.0242498053086987e-08,616.678702347169,614.3267722207829,574.4706906532217
25.143949187754615,7.718647948209567,3.9102720320830054e-08,615.4506818912364,613.1648759432468,574.4293423963035
85.81336671755119,6.5144882873205106,4.478303492789154e-08,621.5726299852911,618.9571806783908,574.6354724175178
38.87200920776577,7.318933537812115,4.0409533837412144e-08,616.8603028105155,614.4985941976415,574.4768052603348
7.745235283923915,8.837690185802643,3.4988933998111185e-08,610.9946058511609,608.9487424591754,574.2793033834662
73.34093163216195,6.7074008330965675,4.3053058185820063e-08,619.7051453543303,617.1902529121741,574.5725929809914
19.02247121334489,7.96689481345094,3.842437841796394e-08,614.7181026620458,612.4717432879356,574.4046759715422
46.25530230603139,7.142263115000633,4.065010538009669e-08,617.1164929837472,614.7409895153916,574.4854313520676
42.10485651562576,7.264763998485431,4.0585221954783926e-08,617.0488418015948,614.6769810892013,574.483153492243
36.83248409599708,7.381751307115777,4.1071359139648075e-08,617.5800177290369,615.1795552359349,574.5010385352897
12.561404843688912,8.359619536862356,3.6636290618270495e-08,612.7806016829215,610.6385692846104,574.3394390384951
8.310005572898435,8.74975368368677,3.526684569814479e-08,611.29606681425,609.2339709088674,574.2894537724865
6.510445241968567,8.993834117447038,3.3551711729797994e-08,609.4345956300408,607.4727327884232,574.2267768126698
73.44888378720202,6.699032299265223,4.3599629612468346e-08,620.2980033489808,617.7511877840357,574.5925548998345
43.417129083888995,7.21007447712168,4.0550970344222094e-08,617.0107938506144,614.6409818740428,574.481872392694
75.72313412327718,6.672176149958099,4.3790924617158344e-08,620.5038791048296,617.9459779222618,574.5994868720218
63.78237717557764,6.856503787005762,4.2878242675869406e-08,619.5222653877574,617.0172203284167,574.5664352921626
58.41702405193209,6.925144348302118,4.1919495992529393e-08,618.4857452993389,616.0365128601437,574.531534978646
29.738767525001165,7.567750869459994,3.914651144115304e-08,615.4952807909361,613.2070733637319,574.4308440706071
12.09691684025688,8.393067910229995,3.702153258283093e-08,613.1991873304224,611.0346157049381,574.35353309272
43.39539383406644,7.243582392088708,4.1413361330864126e-08,617.9467791225165,615.5265679389964,574.5133876327759
52.89902486569114,7.0408776897748755,4.184911853914084e-08,618.4131809943789,615.9678558639123,574.5290916907431
65.75953124279054,6.831224884040461,4.254449007800698e-08,619.1587615192884,616.6732897451728,574.5541958776874
13.215264174495315,8.343900866846479,3.7586456270522103e-08,613.8119147239314,611.6143500849505,574.3741640272987
13.470286213980716,8.30152111304836,3.6866084747047915e-08,613.0295716933882,610.8741332175904,574.3478220225961
49.548867605857296,7.100419777130413,4.127411430680003e-08,617.7914801685563,615.3796312364033,574.5081586147929
21.042256664599275,7.899570435993114,3.8365224691577134e-08,614.6526131346669,612.4097801197233,574.4024708960563
28.692226995406298,7.587983968855605,3.977536191896668e-08,616.1786070056997,613.8536050900083,574.453852113959
9.571723943102493,8.629584540744128,3.5788306646003065e-08,611.8615828705204,609.7690361005692,574.3084950702703
15.32040800198405,8.179740083793988,3.768927333181876e-08,613.922261233863,611.7187548597319,574.3778794669078
57.41346793477522,6.9413388203964566,4.2236756903603913e-08,618.830694726755,616.3628880876221,574.5431496528803
12.975236346051144,8.315360347469857,3.72700741617362e-08,613.4685283128082,611.2894537113493,574.3626019808517
19.128601783750184,7.971738990198685,3.8139328313276856e-08,614.4085520892321,612.1788608228889,574.3942532000386
68.27253776243964,6.762582800106188,4.293769472632265e-08,619.5835896463655,617.0752425115612,574.5685001203078
61.14573494913795,6.884319272491079,4.2740837027699694e-08,619.375039737392,616.8779222130709,574.5614781076248
40.56223273955632,7.303929925853036,4.0341502635091683e-08,616.7853439127131,614.4276715481824,574.474281344915
77.69803017720811,6.658073483433977,4.4513363645007387e-08,621.2861188344868,618.6860970510915,574.6258253985156
71.54140951781746,6.736123699480534,4.3558982093042434e-08,620.2552804597871,617.7107653581062,574.5911163920391
6.036947611416658,9.0819073536323,3.3210796761922084e-08,609.0646439782527,607.1227016101928,574.2143202970868
30.47497682925882,7.537575307722744,3.9709042658048874e-08,616.1054550895884,613.784392123226,574.4513890408018
71.66224534493007,6.702367828732534,4.3078400253248225e-08,619.7338317592915,617.2173946645605,574.5735588711252
9.151971070164585,8.66240979932984,3.595308489439025e-08,612.0407570559179,609.9385624452146,574.3145279830081
89.83428227540409,6.460395227250163,4.4731673077483694e-08,621.5139402968582,618.9016512039505,574.6334962970842
89.8020809007839,6.472041674246984,4.498924408201465e-08,621.7933141317792,619.1659818323757,574.6429029979635
7.534341320647453,8.876043948788338,3.4572040876182514e-08,610.5420188628781,608.5205255394924,574.2640644817207
14.861083470112163,8.206203280934572,3.7439496210388625e-08,613.6513386799162,611.4624204433053,574.3687573262207
68.77843205354495,6.788318932113761,4.354012756508882e-08,620.2368122807765,617.6932916195038,574.5904945562978
44.52562997741393,7.177365209010191,4.04391059502836e-08,616.8886493371083,614.5254143728025,574.4777597065402
42.009756642396866,7.240335167657727,4.05534613088288e-08,617.0144339193488,614.6444259390762,574.4819949562037
77.60935286174751,6.6343269004125105,4.404110452892029e-08,620.773897723086,618.2014570764583,574.6085785765993
28.634034324307805,7.619481024915576,3.9357632873026234e-08,615.7251738447483,613.4245875608003,574.4385847210228
24.459002443015017,7.742675568634029,3.9115012231223875e-08,615.4644641223952,613.1779160542662,574.4298064530967
43.43637286940962,7.218726326646591,4.0417499136123086e-08,616.865922065201,614.5039108770748,574.4769944643382
37.29904783240595,7.365015724520719,4.0241231843020996e-08,616.6786663162202,614.3267381299622,574.4706894400359
25.616582219538127,7.682018226193652,3.85812920686562e-08,614.8843110565898,612.6290019996965,574.4102723175691
58.05259418640971,6.932195480096168,4.1969308228391875e-08,618.5400471103812,616.0878907275146,574.5333633563602
53.900922389282485,7.020795278079626,4.136128450258177e-08,617.8831191284847,615.4663357907971,574.5112441588818
36.203412511399,7.382830305340499,3.9818120675305783e-08,616.2201276386777,613.892889996595,574.4552501409962
43.33430005199632,7.22114941995555,4.102373801899918e-08,617.5239540032723,615.1265103261729,574.4991508327474
3.1145988097849178,9.957175149547664,2.7890757253366973e-08,603.2887726850129,601.6578387712045,574.0198429095111
7.746027472308859,8.838337944958685,3.5217078427228525e-08,611.2423482307422,609.1831448644715,574.2876450324272
37.672769268811585,7.358211167459627,4.0133910089707226e-08,616.5619312204427,614.2162887701112,574.4667588925371
83.84104968321058,6.551037203923099,4.4471778540728726e-08,621.2364877124696,618.6391383741059,574.6241542859748
82.83831853471546,6.564877486832032,4.3199248916409315e-08,619.8569508379707,617.3338842543876,574.5777043715296
31.462322748307532,7.504579338955211,3.8796941786755155e-08,615.1147130315406,612.8469977144576,574.4180301036946
10.14988436314026,8.55776576273201,3.6455553595290466e-08,612.585785474953,610.4542431801478,574.3328794485632
83.10608967162077,6.59513380598242,4.4449158381392043e-08,621.2124936749314,618.6164363232043,574.6233463909402
49.39543581090961,7.11268629258125,4.16408980869946e-08,618.189626138692,615.7563385773778,574.5215644516295
77.64245172687653,6.632802647364835,4.37734417504296e-08,620.4835246803069,617.9267195052134,574.5988015251528
60.20526055647625,6.88525289912857,4.1982052775714595e-08,618.5523874834671,616.0995666189727,574.5337788648433
77.97745494862792,6.64238806425803,4.44961206034468e-08,621.2672087070725,618.6682051613071,574.6251886820808
49.97651343039321,7.106455071907861,4.1518855326831136e-08,618.0567861109831,615.6306514742379,574.5170916404737
62.20133372634413,6.884744067322577,4.2276400264992255e-08,618.8703770285956,616.4004336501328,574.5444857820984
32.20844558204663,7.508248915055205,3.957973014698942e-08,615.9639591345998,613.6505151811983,574.4466247788781
7.56778253996165,8.852359922004599,3.5078614327085355e-08,611.0920913857128,609.040978772636,574.2825857855703
79.70343289302303,6.602388459855203,4.41350812231144e-08,620.8743106917796,618.2964631929914,574.6119595473375
22.28306520398461,7.830341605739699,3.860833832778709e-08,614.91577593513,612.6587726155461,574.4113317607369
55.346413774011985,6.97368783215545,4.187501388816334e-08,618.4395956516985,615.9928481935301,574.5299810896387
59.2370482247421,6.9273164169471215,4.2262093863807844e-08,618.8569185055568,616.387699816796,574.5440326247706
3.2693522632153473,9.852111545353011,2.8381965953015825e-08,603.8221435048536,602.162489623823,574.0378018560293
20.551307594844666,7.924244766277587,3.874578064293367e-08,615.0660882859712,612.8009912244189,574.416392876511
87.83232631010293,6.507715119725602,4.45757407658916e-08,621.3463028209801,618.7430403613889,574.6278518329483
87.19660205110542,6.522044689664288,4.463035864659992e-08,621.4060109992026,618.799533483861,574.6298622466032
87.37042442538855,6.5198123585255,4.513787119302168e-08,621.9563281978865,619.3202182180003,574.6483917888497
54.56127805425353,6.990107445421645,4.1903396025086855e-08,618.470935162565,616.022500192273,574.5310363115942
66.6580431737979,6.8117198380897115,4.27612860051717e-08,619.3933410366946,616.8952380577956,574.5620943244165
83.40140743126244,6.546512112330409,4.4388635631555284e-08,621.1466296244794,618.5541187985459,574.6211287050161
32.46126155469404,7.528594333135917,4.0337620729484545e-08,616.7864855052593,614.4287516703607,574.4743197830873
35.546845929961044,7.410918297068899,3.9594165374440893e-08,615.9774638389214,613.6632927091333,574.4470794911601
70.11735356794183,6.741198986118245,4.333701950068112e-08,620.0155018429704,617.4838978975797,574.5830428882113
67.16455308949448,6.783259871127225,4.2655257632973315e-08,619.2779503664447,616.7860607313283,574.55820904461
40.58518955585326,7.275752110583077,4.0729761774983936e-08,617.2067323134257,614.8263698042413,574.4884697696849
80.41877655771822,6.599180664959039,4.4319521774227175e-08,621.0738528583415,618.4852607813539,574.6186782634054
10.631564030080494,8.515117854248718,3.6755808748844504e-08,612.9115333985696,610.7624508309543,574.3438475955279
50.93323216849435,7.062491329955399,4.1532050141091364e-08,618.0704521212464,615.64358162241,574.517551784033
16.261858418087492,8.138910639030925,3.814420234072203e-08,614.4156283187751,612.1855560246872,574.3944914613443
60.56100451392754,6.912934317944734,4.2348210146503795e-08,618.9494362581834,616.4752358442812,574.547147758388
29.052983218593067,7.588270429636715,3.957506522020204e-08,615.9609390344041,613.6476577017824,574.4465230901169
71.98218328970134,6.718697164620529,4.3319999329459166e-08,619.9957028781158,617.4651650308326,574.5823762440348
77.6067726328345,6.657699589771694,4.358346680387582e-08,620.2774738437668,617.7317637137178,574.5918636578833
71.9145330272352,6.709582183809281,4.3514894520103186e-08,620.2071835577465,617.6652582892524,574.5894969376945
6.000083756395844,9.082146626642611,3.29981275773332e-08,608.8337196510925,606.9042116698798,574.2065449230188
74.31511218623963,6.680322508289704,4.394947293986293e-08,620.6768933104725,618.1096759783701,574.6053123741874
39.132609137899365,7.323172854365958,4.027265513240574e-08,616.7115632797096,614.3578637184945,574.4717971024463
58.39390299067947,6.912042987358949,4.2265022606932586e-08,618.8606832557523,616.3912618496734,574.5441593863873
11.461648743510034,8.403801576504916,3.6649649275823095e-08,612.7957637383678,610.6529149216865,574.3399495548803
69.72303992713393,6.744966245717842,4.3266180693201966e-08,619.9389318502716,617.4114509044878,574.5804647261659
68.75296089816815,6.741814984930814,4.286630028334697e-08,619.5057931057491,617.0016350154395,574.5658806595869
21.311637459148127,7.867679362150837,3.8923541034990475e-08,615.2585985122206,612.9831355154088,574.4228748225208
65.91210775476004,6.812212080455042,4.26884012625987e-08,619.3147909181265,616.8209175609966,574.5594494902301
23.1314793751764,7.801623723704273,3.8506044654140035e-08,614.8041854265126,612.5531908266234,574.4075744348734
24.54527916248477,7.763460313537603,3.967459375072247e-08,616.0719071424436,613.7526506040043,574.4502594593433
67.4408744320616,6.777704630954785,4.2879763651175456e-08,619.5213280763724,617.0163334876446,574.5664037322715
24.354843237369817,7.780426219356027,3.9327453910133455e-08,615.6951643091639,613.3961939232859,574.4375742802102
28.432211922393694,7.624010987940152,3.9942102849748046e-08,616.3597844506774,614.0250268264101,574.4599524777652
47.79403378209508,7.137768150916083,4.111942622054212e-08,617.6247952963703,615.2219217034888,574.5025462254503
18.17307837738273,8.025870715077284,3.8333239834062024e-08,614.6196831443029,612.3786232826866,574.4013621216094
12.56375141740222,8.353202992883226,3.715720624003762e-08,613.346223486943,611.1737345299538,574.3584838968753
13.266526348013429,8.292514539204308,3.733746527340721e-08,613.5415255163111,611.3585202962021,574.3650598447335
70.51854010412443,6.744819763622518,4.2480373475788025e-08,619.0858615878152,616.6043151946252,574.5517412890189
65.73634149442582,6.811863363088386,4.28554327907278e-08,619.4961360632534,616.9924979675397,574.5655555006108
88.7192976324415,6.484694181074246,4.4927811276138226e-08,621.7274935409133,619.1037054271718,574.6406867753522
89.67514650942093,6.494153323614785,4.5590677018214266e-08,622.4456972617708,619.7832366399831,574.6648691672872
77.03251672055623,6.650553460658955,4.363898355702674e-08,620.3381104676897,617.7891352886603,574.593905332916
32.65295802724443,7.483977482464045,3.960022388136769e-08,615.9859169710811,613.6712906726383,574.447364113683
3.092827778382004,9.974849426787385,2.8003932980004843e-08,603.4116890478724,601.7741365606793,574.0239815843405
5.78107514070648,9.170159701698513,3.309164984788158e-08,608.9353964231509,607.0004135388274,574.209968446848
72.80980162162552,6.740414023145045,4.341380290042344e-08,620.0968721423803,617.5608867193291,574.5857826797427
42.39906665280706,7.250805352331988,4.0841449128198055e-08,617.3267387280077,614.9399143349611,574.4925104646408
87.34337770975726,6.516584289161064,4.4578097897673135e-08,621.3492206319439,618.7458010594546,574.6279500775636
18.800506162055743,7.990873299843722,3.830319524206716e-08,614.586670482978,612.3473882262023,574.4002505635768
56.27285345085646,6.960100682086449,4.2467373882425076e-08,619.0817323659885,616.6004083155123,574.5516022554025
84.54070864466324,6.557928198845529,4.4752029082182e-08,621.5399439391764,618.9262546501438,574.6343718568342
77.34554161364649,6.63682138957207,4.4148942121160945e-08,620.8910679302804,618.31231811865,574.6125237745858
3.1085172541868746,9.932401834741293,2.7815457109457235e-08,603.2070010722714,601.580470245303,574.0170896054957
