Enrichment (%),Real Flux,Generated Flux,Real Burnup,Generated Burnup,Flux Error,Burnup Error
11.49,8.450169923174277,8.450587302040102,3.662407120430311e-08,3.664557270498309e-08,0.0004173788658246025,2.15015006799789e-11
3.5,9.784251562502424,9.805692727214044,2.8632890017789618e-08,2.9101176041886742e-08,0.02144116471161972,4.682860240971243e-10
67.72,6.802950341,6.792042009918656,4.310284847994098e-08,4.306784747824e-08,0.010908331081344258,3.500100170097812e-11
17.36,8.082478771172937,8.08900031256952,3.8271720311620785e-08,3.7918326405904085e-08,0.006521541396582009,3.5339390571669956e-10
11.02,8.490228133,8.50166523468614,3.6859771279072584e-08,3.5834347694986705e-08,0.011437101686139428,1.025423584085879e-09
69.62,6.770701673103098,6.778409143264835,4.341556581778804e-08,4.3438921230093e-08,0.007707470161737007,2.3355412304957218e-11
1.73,10.89134958317429,10.209525194894098,2.1438951903407088e-08,2.589916869686584e-08,0.6818243882801909,4.460216793458753e-09
42.41,7.236944774784437,7.232407062908155,4.0576532209185046e-08,4.066602306553874e-08,0.004537711876281492,8.949085635369684e-11
36.69,7.374286310427715,7.410948159483885,4.1018815506948354e-08,4.0614600673141155e-08,0.03666184905616987,4.042148338071997e-10
18.87,8.002691662805548,8.007664960849654,3.894638424692005e-08,3.8283757477533564e-08,0.0049732980441064,6.626267693864864e-10
67.97,6.777794898384281,6.7834195146495375,4.34269704386016e-08,4.267075449534977e-08,0.005624616265256677,7.562159432518296e-10
63.78,6.8310553586235905,6.845125780706366,4.252868296103981e-08,4.1959321672650613e-08,0.014070422082775202,5.693612883891976e-10
55.78,6.950627818,6.962192072359595,4.1630746842352835e-08,4.146405715422572e-08,0.011564254359594628,1.6668968812711217e-10
20.99,7.873110639460435,7.89579177631693,3.8827691441387545e-08,3.856391747566071e-08,0.022681136856494533,2.6377396572683243e-10
67.82,6.767872036088922,6.802031542820673,4.2996929162266107e-08,4.3115878712326215e-08,0.0341595067317515,1.1894955006010847e-10
60.98,6.906390997495961,6.864865990847599,4.223148959549852e-08,4.1551997862994465e-08,0.04152500664836278,6.794917325040574e-10
12.33,8.368298034391616,8.359429372651913,3.661346565988928e-08,3.6765151274244404e-08,0.008868661739702688,1.516856143551233e-10
56.87,6.982025199518387,6.967190360506428,4.2867245071019714e-08,4.159930942409478e-08,0.014834839011959033,1.2679356469249316e-09
62.92,6.856458973914321,6.836131596778297,4.193129824058296e-08,4.223157266816938e-08,0.020327377136023728,3.00274427586418e-10
5.0,9.326165123925657,9.527274767284222,3.250745951907734e-08,3.1559329203691407e-08,0.2011096433585653,9.48130315385933e-10
10.35,8.535838120964463,8.546502020058565,3.5822518096183656e-08,3.587556331138654e-08,0.010663899094101481,5.304521520288654e-11
2.11,10.56023066792564,9.989755181878218,2.368535426731525e-08,2.7895025393223688e-08,0.5704754860474228,4.209671125908437e-09
64.83,6.844439338410053,6.8399059871870085,4.2218583101988754e-08,4.246793806752569e-08,0.004533351223044768,2.493549655369377e-10
4.93,9.326709002372858,9.862180315127318,3.205387487798882e-08,2.9129281214547575e-08,0.5354713127544599,2.9245936634412466e-09
26.02,7.702882894618837,7.737509622251473,3.8867432553858346e-08,3.938965434915652e-08,0.03462672763263619,5.222217952981772e-10
76.18,6.660117585484402,6.683547939002959,4.337589851277669e-08,4.3462977548436085e-08,0.023430353518556934,8.707903565939366e-11
61.37,6.882561647074197,6.915330260250656,4.3173488436945826e-08,4.246727574637158e-08,0.03276861317645885,7.062126905742436e-10
62.78,6.839744539159629,6.872687088601928,4.277296223953767e-08,4.240207411387407e-08,0.03294254944229813,3.70888125663599e-10
35.71,7.416775314397945,7.459736349536054,4.0374135209676966e-08,4.0077130756703465e-08,0.04296103513810845,2.9700445297350077e-10
35.29,7.410490002368292,7.445412858708813,4.036529934836676e-08,3.993433394586669e-08,0.03492285634052106,4.309654025000686e-10
74.78,6.695451746001412,6.708234985418312,4.3640493069735376e-08,4.348920768620952e-08,0.012783239416900294,1.512853835258585e-10
48.16,7.120498127586272,7.115828727513834,4.154664248068849e-08,4.127876078598088e-08,0.004669400072438101,2.6788169470760893e-10
36.33,7.399466589653373,7.416775791505917,3.9790183333037026e-08,4.0163226956559786e-08,0.017309201852544476,3.7304362352276017e-10
62.18,6.854613463668626,6.873649823161178,4.1400386467317465e-08,4.240708962406619e-08,0.019036359492552002,1.006703156748726e-09
41.57,7.240333445533347,7.313818590664374,4.0405587047324216e-08,4.10871631164766e-08,0.073485145131027,6.815760691523815e-10
32.45,7.498010450276736,7.500589260399791,3.972321734388592e-08,3.944294715129378e-08,0.002578810123055497,2.8027019259213767e-10
44.28,7.223337920292773,7.261077095662575,4.136894834777089e-08,4.1688262115185575e-08,0.037739175369801536,3.1931376741468406e-10
29.37,7.579807362892893,7.550345679269797,3.9394601679691594e-08,3.957128020016745e-08,0.029461683623096313,1.7667852047585744e-10
59.88,6.899589074397807,6.941178681393814,4.2387965676057065e-08,4.2462517394392936e-08,0.04158960699600733,7.455171833587114e-11
31.42,7.518393150414748,7.548212585010992,4.0166437704624415e-08,3.9987510194281297e-08,0.029819434596244143,1.7892751034311885e-10
61.48,6.882862536216667,6.869742785652283,4.207877176949144e-08,4.21882146833437e-08,0.013119750564383637,1.0944291385225944e-10
43.76,7.211395625862762,7.227368455991537,4.0794686370552425e-08,4.1066851317731034e-08,0.01597283012877515,2.721649471786089e-10
60.84,6.890173655063163,6.909013969696062,4.2038638040906894e-08,4.232305253997667e-08,0.018840314632899258,2.8441449906977837e-10
29.65,7.5687583346593135,7.576604765259705,3.986229501431688e-08,3.9604684867090676e-08,0.007846430600391585,2.5761014722620734e-10
50.77,7.081811817326641,7.076061614339663,4.1136641373286984e-08,4.1772876417711075e-08,0.005750202986978259,6.362350444240908e-10
14.72,8.239554533488338,8.2310806829547,3.725873287482306e-08,3.7548821504159126e-08,0.008473850533638583,2.9008862933606273e-10
56.37,6.959824364613374,6.969685249627704,4.1564630089584127e-08,4.221106846327849e-08,0.009860885014330023,6.464383736943649e-10
18.69,8.005794635889654,7.979027893646759,3.8281918408951086e-08,3.8748762429487674e-08,0.026766742242894992,4.668440205365885e-10
59.08,6.921150474758211,6.930956014293765,4.1993079101806895e-08,4.2109997885150304e-08,0.009805539535554075,1.1691878334340902e-10
52.48,7.035483210838094,7.03416611627119,4.1757088802199145e-08,4.1699412421319066e-08,0.0013170945669038758,5.76763808800798e-11
69.12,6.776840488330876,6.760820885495528,4.3235808894327776e-08,4.268470949106321e-08,0.016019602835347868,5.510994032645623e-10
2.92,10.042099695651425,10.033996439192023,2.70887732466091e-08,2.7328573376116648e-08,0.008103256459401464,2.398001295075491e-10
42.22,7.258164319832983,7.241941873619185,4.089048689721477e-08,4.020060925052581e-08,0.016222446213798314,6.898776466889612e-10
62.93,6.864934793,6.884353589024454,4.2702189356451606e-08,4.2836813949180156e-08,0.019418796024454288,1.3462459272855004e-10
75.02,6.676177879910758,6.676241917663649,4.3472197705073554e-08,4.317202060546157e-08,6.403775289154368e-05,3.0017709961198405e-10
14.64,8.224042900519107,8.30673521915644,3.7270070539803574e-08,3.7569618018386196e-08,0.08269231863733317,2.995474785826221e-10
34.94,7.431801860921648,7.434038091024214,3.9674339224180955e-08,3.965926716041342e-08,0.002236230102566239,1.507206376753235e-11
9.09,8.676963958411553,8.773908639408837,3.5751215473635154e-08,3.5128070986970464e-08,0.09694468099728404,6.231444866646902e-10
67.41,6.806989585,6.783473362514716,4.28922515708784e-08,4.296092701327026e-08,0.02351622248528429,6.867544239186612e-11
49.67,7.107763794902215,7.111709975153357,4.1557318346789015e-08,4.2131099659127175e-08,0.003946180251141129,5.737813123381603e-10
58.28,6.946048149,6.925647775604214,4.20820799551828e-08,4.1959625082341306e-08,0.02040037339578582,1.2245487284149042e-10
49.66,7.103969919,7.109384747084851,4.159856696097048e-08,4.136175628680291e-08,0.005414828084851386,2.3681067416756797e-10
45.65,7.172453296,7.171490772091684,4.136023427602618e-08,4.0696841349854594e-08,0.0009625239083153048,6.633929261715895e-10
30.15,7.570819110843867,7.525377867978582,3.9630786595928505e-08,3.9740234996473176e-08,0.045441242865284615,1.0944840054467049e-10
71.5,6.716971632705874,6.765601923221975,4.316380381454744e-08,4.329319207559909e-08,0.04863029051610024,1.293882610516487e-10
52.89,7.020818232448687,7.025934890702906,4.1641439873447286e-08,4.136980219378392e-08,0.005116658254219253,2.7163767966336366e-10
15.55,8.169542616474304,8.18054854086849,3.782375358328178e-08,3.7789393937885355e-08,0.01100592439418513,3.435964539642739e-11
29.94,7.570816688969067,7.562122230104933,3.918737584484094e-08,3.9698908376527944e-08,0.008694458864134447,5.115325316870027e-10
47.47,7.126240459635725,7.15203109962013,4.144697415185617e-08,4.1299694204580586e-08,0.025790639984404784,1.4727994727558503e-10
78.25,6.611603677151033,6.605709693201554,4.398237286030305e-08,4.42298732925847e-08,0.005893983949478709,2.4750043228164607e-10
25.37,7.707768521067375,7.720088361026074,3.978462807370601e-08,3.911613051298405e-08,0.012319839958699674,6.684975607219601e-10
3.81,9.666012703847567,9.94294971690246,3.0197619392393463e-08,2.785828876987996e-08,0.2769370130548925,2.339330622513502e-09
34.87,7.450421179596304,7.457760316714463,4.0450872143016975e-08,3.997754207590611e-08,0.007339137118159478,4.733300671108634e-10
20.77,7.909829414727865,7.918229832665456,3.866091836891641e-08,3.8614710847967806e-08,0.008400417937591165,4.620752094860463e-11
40.62,7.301365578027028,7.32255727091302,4.0719179834989386e-08,4.09754509984646e-08,0.021191692885992097,2.5627116347521094e-10
63.6,6.842994636497699,6.852717565457545,4.3049023182831375e-08,4.2203263063979143e-08,0.009722928959845945,8.457601188522314e-10
35.78,7.408151765565545,7.43207155955206,4.014765273547993e-08,3.9803318311312995e-08,0.023919793986515003,3.443344241669356e-10
47.05,7.131256233450142,7.157178021920329,4.082455671519136e-08,4.1108063234012694e-08,0.025921788470186335,2.835065188213311e-10
23.73,7.795103605725183,7.80072490914996,3.947334119100175e-08,3.9439050926850916e-08,0.005621303424777402,3.4290264150836374e-11
51.87,7.055827802655263,7.076671394422439,4.192566804137204e-08,4.174234489255412e-08,0.020843591767175873,1.8332314881792118e-10
29.0,7.597683047487205,7.625454507532139,3.9420957863204655e-08,3.9301428731287986e-08,0.027771460044934138,1.1952913191666883e-10
63.33,6.843321635358627,6.86429863635557,4.2442059365987444e-08,4.248705657815841e-08,0.020977000996943218,4.499721217096729e-11
66.46,6.805115118744631,6.796489570934973,4.213346699192013e-08,4.2890099351081046e-08,0.008625547809657519,7.566323591609153e-10
20.4,7.929801034035842,7.9096799400991005,3.8988059100148034e-08,3.8699521256756814e-08,0.020121093936741552,2.8853784339121987e-10
14.71,8.178538888604773,8.243807038251807,3.747333222384063e-08,3.6990938035725934e-08,0.06526814964703398,4.823941881146989e-10
11.55,8.444821572905708,8.498665782599547,3.628409525660576e-08,3.609732064417075e-08,0.05384420969383896,1.8677461243501068e-10
57.87,6.9343447516892445,6.957066713991598,4.202964095013808e-08,4.2035590358622575e-08,0.022721962302353127,5.9494084844914045e-12
55.93,6.975912517539715,7.003342705942428,4.226779591797387e-08,4.2111141221667736e-08,0.02743018840271283,1.5665469630613576e-10
7.57,8.865889137811608,8.971074363771262,3.4522734252109184e-08,3.405524947175276e-08,0.1051852259596533,4.674847803564217e-10
61.82,6.870617374914265,6.893330753143967,4.229047708849743e-08,4.2505740324905077e-08,0.022713378229702208,2.1526323640764342e-10
62.88,6.858386253389349,6.871756658630763,4.2414496730332696e-08,4.2469677123069985e-08,0.013370405241413863,5.5180392737288805e-11
70.7,6.72646003,6.731543138169078,4.349692757727583e-08,4.2851862329815586e-08,0.005083108169078088,6.450652474602464e-10
36.32,7.379929377835352,7.406895957879681,3.9971178321044894e-08,4.045683133409163e-08,0.026966580044328836,4.856530130467364e-10
75.0,6.687111551315482,6.676553210788353,4.3369836764833467e-08,4.315555137944526e-08,0.010558340527128784,2.1428538538820466e-10
39.93,7.311822626224707,7.3156260778089965,4.088154039811615e-08,4.0821463180194365e-08,0.003803451584289519,6.00772179217878e-11
54.81,6.989746791,7.014934517496338,4.15972775148158e-08,4.1946654318063585e-08,0.025187726496337604,3.493768032477887e-10
74.23,6.685897080432545,6.699706223026901,4.2829130188724136e-08,4.3802424540151045e-08,0.01380914259435606,9.732943514269083e-10
24.26,7.7878121266761156,7.807834562382538,3.9078054025566775e-08,3.9100109001267444e-08,0.020022435706422037,2.2054975700669e-11
23.35,7.789887208884654,7.800679550533953,3.8808248879746576e-08,3.8935202134249934e-08,0.01079234164929943,1.2695325450335744e-10
79.74,6.634717611285605,6.632174411113896,4.3938203087219275e-08,4.3689115821144644e-08,0.002543200171709614,2.490872660746306e-10
