Epoch,D Loss,G Loss,Temp Loss,Thermal Loss,Fuel Loss,Burnup Loss,Enrichment Loss,GenMean,GenStd
0,0.6735717058181763,15000000001.979778,84.9849041826442,0.24652692334889123,0.2703104727057968,0.0,8.976039756136258,0.0035897819325327873,0.3534267246723175
1,0.6677545309066772,15000000001.91204,82.44208822692696,0.2363371006823902,0.18563038475249144,0.0,7.894675425473257,0.021095337346196175,0.341791570186615
2,0.627686619758606,15000000001.92891,79.72713218443684,0.3532011163251785,0.19333651964138776,0.0,7.878580544939938,0.04231051355600357,0.34889981150627136
3,0.6265106797218323,15000000001.842873,77.79144884221326,0.28725356241206157,0.23249694430575524,0.0,6.797167179209479,0.05817948281764984,0.3566710948944092
4,0.6011719107627869,15000000001.855692,77.11022392199712,0.27847126119538057,0.10832759166511799,0.0,6.301363936316033,0.06304123252630234,0.3548145294189453
5,0.595565676689148,15000000001.825893,75.94220581387715,0.44846602919968015,0.18804265378266186,0.0,6.25782452684594,0.09116411954164505,0.3587186634540558
6,0.583450198173523,15000000001.8535,74.94078679809232,0.24419749128251544,0.18407436445074027,0.0,5.960808275949827,0.09921636432409286,0.35807734727859497
7,0.5846307277679443,15000000001.822329,72.45940312172911,0.4165479299653434,0.11549306617392746,0.0,5.575189397290476,0.12497984617948532,0.36075329780578613
8,0.5839186906814575,15000000001.784498,71.66559205592306,0.3329317613441255,0.0757134098992762,0.0,4.945787855196285,0.14448459446430206,0.36668822169303894
9,0.5741254091262817,15000000001.767256,70.4350061612627,0.2977716934978968,0.0769938382380976,0.0,4.572181196282122,0.17436204850673676,0.3640986979007721
10,0.5653252601623535,15000000001.754007,69.18993354792843,0.3142729071507119,0.17301473374373033,0.0,4.743401522355042,0.19641083478927612,0.36674609780311584
11,0.5680806636810303,15000000001.77157,69.01580186472717,0.22202987453190795,0.029240769179092903,0.0,4.354738913881804,0.2195967137813568,0.35670286417007446
12,0.5659322738647461,15000000001.760838,67.5881525036429,0.29970459011184414,0.030403619421622213,0.0,3.992565698234097,0.2441369891166687,0.3596469759941101
13,0.5686699151992798,15000000001.70866,65.98372701237639,0.25038300195569163,0.11589892048203414,0.0,4.235822163185106,0.2844771444797516,0.35212329030036926
14,0.5610795021057129,15000000001.718784,65.27292044053696,0.2641663412236964,0.0711663512399672,0.0,4.01521104339023,0.3010270297527313,0.3511141538619995
15,0.5770576000213623,15000000001.698212,64.10086848723009,0.19708305621105815,0.061280694165904544,0.0,3.9136257581852205,0.34000131487846375,0.3444695770740509
16,0.5904405117034912,15000000001.677137,63.8924772044209,0.15036703205430918,0.02055102400624245,0.0,3.6267674577668116,0.35366785526275635,0.3339742422103882
17,0.5920068025588989,15000000001.685064,62.406539070834285,0.17398754045820367,0.0,0.0,4.138407070008387,0.3915921151638031,0.32515525817871094
18,0.5962613224983215,15000000001.665028,62.3104032070035,0.22388554546023548,0.0,0.0,3.927513649753294,0.4114528000354767,0.3178059160709381
19,0.6067830920219421,15000000001.681177,61.21395927533809,0.19278778837778493,0.03946140710575644,0.0,3.875806809184133,0.4447682201862335,0.3025704026222229
20,0.62713623046875,15000000001.646955,61.390889091740114,0.13979778470699555,0.0,0.0,4.119584979639473,0.45300960540771484,0.3059207797050476
21,0.6319409608840942,15000000001.633045,60.34149994775581,0.1315349642630567,0.0,0.0,4.206885891143353,0.4839273691177368,0.29656660556793213
22,0.6539158821105957,15000000001.621004,60.22009526288804,0.055030779077770264,0.0,0.0,3.8185935584664144,0.5061585903167725,0.28943145275115967
23,0.6550037264823914,15000000001.603779,59.92603808559586,0.04510426131319238,0.0,0.0,3.6516872061925336,0.5214024186134338,0.2934609055519104
24,0.6791648268699646,15000000001.564177,59.18459783900273,0.09088887362053005,0.0,0.0,3.426181071647599,0.5436131358146667,0.2896435260772705
25,0.6810299158096313,15000000001.571293,58.51636327949717,0.024119677367603717,0.0,0.0,3.2455728424907972,0.5611380934715271,0.2860022187232971
26,0.6799957752227783,15000000001.564117,58.73520378507386,0.03385188136477358,0.0,0.0,3.064430123457873,0.5596213936805725,0.30101582407951355
27,0.7033064961433411,15000000001.529373,58.19011740679235,0.10409719137630685,0.0,0.0,2.843253876616321,0.5791847705841064,0.2966395616531372
28,0.706579327583313,15000000001.548698,58.16534077352516,0.046382284915855054,0.0,0.0,2.738862859582777,0.5834777355194092,0.3044109344482422
29,0.6976413130760193,15000000001.561659,57.71269905007761,0.0015680624243782637,0.0,0.0,2.4305920517852666,0.599826991558075,0.29977020621299744
30,0.6998779773712158,15000000001.54999,57.2934728608432,0.03331923147536054,0.0,0.0,2.339749202110829,0.6114622354507446,0.30295461416244507
31,0.6847668290138245,15000000001.544298,57.3542845692665,0.06843225286557852,0.0,0.0,2.179949091487081,0.6254766583442688,0.2883960008621216
32,0.6952061653137207,15000000001.536926,57.1126969928947,0.007346477080723911,0.0,0.0,2.333069998489732,0.638266921043396,0.28391018509864807
33,0.6993545293807983,15000000001.541327,56.894373043435365,0.0,0.0,0.0,2.245427511298927,0.6493092179298401,0.278195858001709
34,0.712195098400116,15000000001.506958,56.86248331112394,0.0,0.0,0.0,2.276027641081209,0.6597990393638611,0.2660634219646454
35,0.6965166330337524,15000000001.529806,56.69851018302175,0.0,0.0,0.0,2.3122674455795456,0.6665525436401367,0.2602368891239166
36,0.7021060585975647,15000000001.518406,56.30952981301955,0.0021354387259098877,0.0,0.0,2.1619081725148965,0.677921712398529,0.25408533215522766
37,0.695250391960144,15000000001.500652,56.60294638516425,0.0,0.0,0.0,2.3141971724762365,0.6826856136322021,0.2456907033920288
38,0.7028614282608032,15000000001.49345,56.31618483099116,0.0,0.0,0.0,2.307421586174578,0.6875407695770264,0.24782486259937286
39,0.7156193256378174,15000000001.491705,56.06322900857886,0.0,0.0,0.0,2.1886245368495802,0.6935800909996033,0.2454998940229416
40,0.6979787349700928,15000000001.495855,56.167102415564386,0.0,0.0,0.0,2.2891455543353483,0.6889200806617737,0.2530968487262726
41,0.6957995295524597,15000000001.504475,55.86860860841368,0.0,0.0,0.0,2.0892411824725623,0.6972083449363708,0.24818480014801025
42,0.6877980828285217,15000000001.514627,55.838346505804566,0.0,0.0,0.0,2.1906950366281825,0.6916184425354004,0.2574078440666199
43,0.7017039060592651,15000000001.480913,55.61420602913368,0.0036925968490023296,0.0,0.0,2.1619352951825337,0.6938703060150146,0.2607501447200775
44,0.6871093511581421,15000000001.501455,55.588312660487105,0.0,0.0,0.0,2.2704141185670332,0.6959248781204224,0.25787708163261414
45,0.6991891860961914,15000000001.506128,55.41001222144136,0.0,0.0,0.0,2.2752563477886176,0.6949406266212463,0.2652931809425354
46,0.6936799883842468,15000000001.496798,55.31826272807994,0.0,0.0,0.0,2.2526753921397544,0.6945425868034363,0.27085795998573303
47,0.7011959552764893,15000000001.50173,55.38827919986436,0.0,0.0,0.0,2.159586660990395,0.6915525794029236,0.278746098279953
48,0.7020073533058167,15000000001.507984,55.16007452697111,0.0,0.0,0.0,2.180955867797782,0.6936588287353516,0.28177449107170105
49,0.6990358829498291,15000000001.520565,54.949209566263896,0.0,0.0,0.0,2.4153192306434015,0.6951050162315369,0.2875286936759949
50,0.7022024393081665,15000000001.485256,54.97052197584155,0.006187704279618681,0.0,0.0,2.2733899985441175,0.7017180919647217,0.28151437640190125
51,0.6974306702613831,15000000001.492357,54.82207644431406,0.0,0.0,0.007678274117530032,2.243639426171238,0.7090585827827454,0.27520620822906494
52,0.6992157697677612,15000000001.511517,54.85199761179511,0.0,0.0,0.0,2.2647947000900692,0.7124231457710266,0.2731783092021942
53,0.6941795945167542,15000000001.4972,54.72996652925944,0.0,0.0,0.0,2.2849215383350163,0.721610963344574,0.2635466456413269
54,0.6821877956390381,15000000001.516064,54.51776603109812,0.0,0.0,0.0,2.231415455354263,0.7344879508018494,0.24875502288341522
55,0.6784774661064148,15000000001.50193,54.54613042800824,0.0,0.0,0.0,2.153704125432958,0.7384886145591736,0.24272564053535461
56,0.6840571761131287,15000000001.494778,54.51704678271961,0.0,0.0,0.0,2.197030652173552,0.7451669573783875,0.2344685196876526
57,0.694414496421814,15000000001.483992,54.42540713194658,0.0,0.0,0.0,2.2651451709282386,0.7472646832466125,0.23301364481449127
58,0.6835507750511169,15000000001.493336,54.375632886937055,0.0,0.0,0.0,2.2417010781727527,0.750562846660614,0.2292441427707672
59,0.6780906915664673,15000000001.486853,54.3771928586157,0.0,0.0,0.0,2.352884459197822,0.7499609589576721,0.23174910247325897
60,0.6983896493911743,15000000001.510632,54.38458686173904,0.0,0.0,0.0,2.1479328450108266,0.7439478039741516,0.23751820623874664
61,0.6750136613845825,15000000001.506681,54.32270684511611,0.0,0.0,0.0,2.2309766890474143,0.7477840781211853,0.23710960149765015
62,0.6693540811538696,15000000001.494379,54.31133783931008,0.0,0.0,0.0,2.2432588669878792,0.7372747659683228,0.250008761882782
63,0.687975287437439,15000000001.504925,54.240580271604635,0.0,0.0,0.0,2.3090271995834177,0.7346374988555908,0.2577708065509796
64,0.6730741262435913,15000000001.514235,54.252440700414546,0.0,0.0,0.0,2.121969053220422,0.7252895832061768,0.26821058988571167
65,0.6801899671554565,15000000001.503113,54.301239522036994,0.007243698973812225,0.0,0.0,2.189699461189236,0.7158346772193909,0.28153330087661743
66,0.6718360781669617,15000000001.494038,54.293714744051336,0.0,0.0,0.0,2.2103324207016732,0.7076936364173889,0.29129576683044434
67,0.6855260133743286,15000000001.489,54.24149472142211,0.0,0.0,0.0,2.2240914342985376,0.6990190148353577,0.30603620409965515
68,0.6830878257751465,15000000001.498814,54.20489404363041,0.0,0.0,0.0,2.3033495353740223,0.6935343146324158,0.31345775723457336
69,0.6755267381668091,15000000001.49982,54.21962242813283,0.0011538226414307719,0.0,0.0,2.142667849538266,0.6870689988136292,0.322654664516449
70,0.6690769195556641,15000000001.504618,54.29874109731132,0.0029110379588626056,0.0,0.0,2.1495634029877886,0.6854540109634399,0.32530856132507324
71,0.6752692461013794,15000000001.511251,54.27170698398956,0.0031700904706818828,0.0,0.0,2.1983186705478555,0.6897816061973572,0.32085731625556946
72,0.6814310550689697,15000000001.512222,54.14199736573259,0.006134703576556266,0.0,0.0,2.3503689678912454,0.7015731334686279,0.3122115731239319
73,0.6714986562728882,15000000001.524523,54.15794194214324,0.004339468662143454,0.0,0.0,2.1448526387271936,0.7098774313926697,0.3024400770664215
74,0.6672026515007019,15000000001.505035,54.129394775171114,0.0,0.0,0.0,2.168761251445078,0.7282218933105469,0.2778191566467285
75,0.668025016784668,15000000001.515945,54.02828861715857,0.0,0.0,0.0,2.2776812903708596,0.744235634803772,0.25844934582710266
76,0.6911760568618774,15000000001.506807,54.03089233582051,0.0,0.0,0.0,2.387184884015088,0.7553132772445679,0.24799984693527222
77,0.6821320056915283,15000000001.51466,53.972180669516526,0.0,0.0,0.0,2.420834739875185,0.7611801028251648,0.2456607222557068
78,0.6928853392601013,15000000001.501291,54.00858019045686,0.0,0.0,0.0,2.2860269230044454,0.7639750838279724,0.25011295080184937
79,0.6799026727676392,15000000001.523872,53.96512259401039,0.0,0.0,0.0,2.4971430474068006,0.763787031173706,0.25918707251548767
80,0.6798099279403687,15000000001.519577,53.96297179453417,0.0,0.0,0.0,2.3027024946491212,0.7637868523597717,0.2649567127227783
81,0.6734926700592041,15000000001.550718,53.93036275079673,0.0,0.0,0.0,2.3849295153525416,0.7672110199928284,0.26637792587280273
82,0.6659718155860901,15000000001.562489,53.95491803649793,0.0,0.0,0.0,2.330312716421692,0.7731508612632751,0.26424503326416016
83,0.6519981622695923,15000000001.561045,53.902377987112615,0.0,0.0,0.0,2.3553123229624653,0.7802768349647522,0.2550069987773895
84,0.6602039337158203,15000000001.548458,53.82555034751587,0.0,0.0,0.0,2.30893939311951,0.7902895212173462,0.24601145088672638
85,0.6673786640167236,15000000001.538307,53.821245418489305,0.0,0.0,0.0,2.372693234206174,0.7927995324134827,0.2524756193161011
86,0.6680264472961426,15000000001.522299,53.80650485832571,0.0,0.0,0.0,2.4436227510396265,0.7913064956665039,0.2681947350502014
87,0.6786174774169922,15000000001.518654,53.749557917211376,0.0,0.0,0.0,2.577052922739477,0.7898345589637756,0.28038135170936584
88,0.6790103912353516,15000000001.52168,53.66186610843253,0.0,0.0,0.0,2.726475101375851,0.7882570624351501,0.2923378348350525
89,0.6769413352012634,15000000001.551325,53.68238878423993,0.0,0.0,0.0,2.72060401884561,0.7891244292259216,0.29094311594963074
90,0.652851939201355,15000000001.544716,53.7478773495396,0.0,0.0,0.0,2.8271365871852234,0.7820230722427368,0.29556286334991455
91,0.6488300561904907,15000000001.56439,53.748737026762214,0.002215446043502104,0.0,0.0,2.6785616509583896,0.7777111530303955,0.29366663098335266
92,0.6658936738967896,15000000001.539005,53.81228436770076,0.0,0.0,0.0,2.926458927158896,0.7739108800888062,0.2847819924354553
93,0.6699984073638916,15000000001.507637,53.937082029814626,0.051053703412967805,0.0,0.0,2.7913229955459533,0.758921205997467,0.30098429322242737
94,0.6941877007484436,15000000001.478006,54.134946913607436,0.0602251278906552,0.0,0.0,2.643122222655962,0.7457348108291626,0.3071168065071106
95,0.6926586627960205,15000000001.433132,54.29873709936825,0.15950706408148632,0.0,0.0,2.6788102667098497,0.7191874980926514,0.3448912501335144
96,0.6979957818984985,15000000001.43929,54.3755843867136,0.48087497235768295,0.0,0.0,2.5414854980386785,0.6890140771865845,0.394275426864624
97,0.6879539489746094,15000000001.446964,54.585400853376996,0.7017774406928672,0.0,0.0,2.486108124980775,0.6637302041053772,0.4233974516391754
98,0.6949316263198853,15000000001.458578,54.62352508889526,0.8918765234364372,0.0,0.0,2.77946795472723,0.6376048922538757,0.4481200873851776
99,0.6933307647705078,15000000001.478672,54.578436229763106,0.8472805289751275,0.0,0.0,3.3219431660262924,0.6244193315505981,0.45506489276885986
100,0.7039147615432739,15000000001.482594,54.490902073677255,0.6468317508632437,0.0,0.0,4.378761705642091,0.6171185970306396,0.455751895904541
101,0.6967067718505859,15000000001.490955,54.33951654017537,0.5438318424062902,0.0,0.0,4.34608154869944,0.6204023361206055,0.44713160395622253
102,0.6921198964118958,15000000001.50411,54.18859195918812,0.3641975206199066,0.0,0.0,3.8035230269724414,0.6358257532119751,0.43491506576538086
103,0.6891121864318848,15000000001.50589,54.02195825407662,0.26534831622301097,0.0,0.0,3.5273366816094507,0.6520572304725647,0.422663152217865
104,0.6626783609390259,15000000001.522217,53.94872746733351,0.09521784743111159,0.0,0.0,2.880136469220598,0.6727388501167297,0.40304118394851685
105,0.6545552015304565,15000000001.528507,53.894054174871584,0.12973881347604316,0.0,0.001049287846910866,2.7229298300551403,0.6910627484321594,0.3866674304008484
106,0.6642824411392212,15000000001.530443,53.68343110628346,0.016172484791472846,0.0,0.006668723026729991,2.743903829565626,0.704352855682373,0.37178972363471985
107,0.664086103439331,15000000001.573479,53.693514232696025,0.030269208861094743,0.0,0.0,2.5199436288185177,0.7215514779090881,0.34867024421691895
108,0.6860527992248535,15000000001.507206,53.54874362056353,0.009348501132548585,0.0,0.007824707027504195,2.275794445265331,0.7395656108856201,0.33307766914367676
109,0.696381151676178,15000000001.472803,53.43688044279083,0.018323525165429202,0.0,0.0,2.314012961295381,0.7510256171226501,0.3299106955528259
110,0.7067536115646362,15000000001.495173,53.39826501735244,0.004927693695363063,0.0,0.003045153709707497,2.316668303919442,0.7667885422706604,0.32023632526397705
111,0.7179548740386963,15000000001.485125,53.31819364135856,0.008699950372697409,0.0,0.0,2.3873678007041117,0.7725925445556641,0.3289477229118347
112,0.7323680520057678,15000000001.487215,53.24006403362189,0.0029715143811164385,0.0,0.0,2.4575293877137137,0.7802793979644775,0.3277720808982849
113,0.7061890363693237,15000000001.467995,53.25696818666168,0.01080386312995658,0.0,0.00594041560015006,2.527359061383431,0.7900217175483704,0.3141990602016449
114,0.7099525928497314,15000000001.469908,53.15925547960049,0.004533820615453359,0.0,0.0,2.6800434397379984,0.7933245301246643,0.3155986964702606
115,0.6844624876976013,15000000001.484682,53.177158650385145,0.001133965318877602,0.0,0.0,2.8241235155489557,0.8004330992698669,0.30122536420822144
116,0.698975145816803,15000000001.476646,53.13984125217229,0.011872215275388915,0.0,0.0,2.565424035470462,0.8075131773948669,0.29121485352516174
117,0.6730817556381226,15000000001.487263,53.15359861509059,0.006200434639806636,0.0,0.0,2.9216954748441437,0.8190897107124329,0.26590949296951294
118,0.6765893697738647,15000000001.502705,53.14207138665829,0.02349085494809895,0.0,0.0,2.8218745105808747,0.817769467830658,0.26691576838493347
119,0.6683306097984314,15000000001.481201,53.167309329189344,0.0,0.0,0.0,2.9190994776609913,0.8209143280982971,0.2540832459926605
120,0.6706517934799194,15000000001.519646,53.17658802499241,0.0,0.0,8.171605424919052e-05,2.8297422331141626,0.8305701613426208,0.23163560032844543
121,0.6572619676589966,15000000001.504837,53.20144737368202,0.0035141676198289125,0.0,0.0,2.9410537357921336,0.8297741413116455,0.22816060483455658
122,0.6517187356948853,15000000001.510185,53.15288942375321,0.0,0.0,0.0,2.7272430748811147,0.8263170123100281,0.23325751721858978
123,0.6498962640762329,15000000001.521942,53.16942783667209,0.006112620544079867,0.0,0.0,2.728492903989233,0.8220483660697937,0.23827709257602692
124,0.6527432203292847,15000000001.518719,53.2383885661372,0.0127430949501692,0.0,0.0,2.6151408970285575,0.8130722045898438,0.25265324115753174
125,0.6440364718437195,15000000001.517813,53.24848681005894,0.01753466904209043,0.0,0.0,2.53623902720082,0.8070123791694641,0.2643623948097229
126,0.6374539732933044,15000000001.519716,53.32061219309939,0.02992472064605661,0.0,0.0,2.5653983957920574,0.7919458746910095,0.281737357378006
127,0.6604958772659302,15000000001.513641,53.3243745249498,0.05933970205372273,0.0,0.0,2.832820240201115,0.7769083380699158,0.302909255027771
128,0.6790494918823242,15000000001.470379,53.376917550686606,0.07360818720534432,0.0,0.0,3.3295717869034567,0.7554239630699158,0.33637934923171997
129,0.68038010597229,15000000001.454082,53.42293449603288,0.07446121162215089,0.0,0.0,3.5753065653671836,0.7451782822608948,0.3453107178211212
130,0.6884934306144714,15000000001.480663,53.43553102633473,0.15080800162343225,0.0,0.0,3.9355045107543267,0.7305712103843689,0.3660128116607666
131,0.6919950246810913,15000000001.482933,53.511419223668995,0.18554288900285576,0.0,0.0,3.763165396672625,0.7201964855194092,0.3820643723011017
132,0.6864330768585205,15000000001.459862,53.5610135893974,0.21842239654309148,0.0,0.0,3.5010890055955985,0.7020601034164429,0.4042605459690094
133,0.702987015247345,15000000001.425966,53.44896897520314,0.27884799903858315,0.0,0.0,2.8629182282079597,0.7024593949317932,0.40454959869384766
134,0.6969837546348572,15000000001.458849,53.598954893762446,0.4468423740987298,0.0,0.0,3.0581165741207603,0.6836698055267334,0.43720459938049316
135,0.6935960054397583,15000000001.460886,53.57552637491102,0.5390299836779767,0.0,0.0,2.77990063994965,0.6855567693710327,0.43015870451927185
136,0.6733498573303223,15000000001.476183,53.58277892411401,0.6158498181594267,0.0,0.0,2.917966130421965,0.6825330257415771,0.43578001856803894
137,0.6752762794494629,15000000001.479046,53.483198312600436,0.42777701092323916,0.0,0.0,2.6608502392776927,0.7006159424781799,0.4058935046195984
138,0.6658593416213989,15000000001.503778,53.46564599306488,0.6369765025955949,0.0,0.0,2.573934299800768,0.6939666867256165,0.4201570153236389
139,0.664351224899292,15000000001.500212,53.3793914598578,0.5747095809754381,0.0,0.0,2.7231721838267466,0.7056237459182739,0.39676976203918457
140,0.6559667587280273,15000000001.500273,53.42186912148351,0.8221896860993884,0.0,0.0,2.5970149816429475,0.7030723094940186,0.40814560651779175
141,0.6558750867843628,15000000001.499311,53.364957930876336,0.81549144956235,0.0,0.0,2.60917001560508,0.7134456038475037,0.3930724263191223
142,0.6579817533493042,15000000001.514437,53.28580951725556,0.5620263062837478,0.0,0.0,2.4609535529164894,0.7269142270088196,0.37082770466804504
143,0.6569854021072388,15000000001.506592,53.19896739070498,0.46034247161844016,0.0,0.0,2.448657372993708,0.7320184111595154,0.362569123506546
144,0.6556376218795776,15000000001.507765,53.19728434737839,0.3821445300526022,0.0,0.0,2.430400515786136,0.732831597328186,0.35766515135765076
145,0.6566874980926514,15000000001.500349,53.119506279398884,0.21534122091624003,0.0,0.0015686378299114775,2.2849756440582176,0.7387170791625977,0.34833061695098877
146,0.6567106246948242,15000000001.487103,53.1515696735476,0.1594951978127205,0.0,0.012410473466141478,2.3822965455676326,0.7463895678520203,0.3374444544315338
147,0.6644258499145508,15000000001.494812,53.097846615903705,0.07032858084020088,0.0,0.0027460543054019975,2.428658147149218,0.7495357394218445,0.3298473358154297
148,0.6622755527496338,15000000001.5113,53.10394033838043,0.01531886161414308,0.0,0.007814273008836616,2.387512911629598,0.7610015273094177,0.31177616119384766
149,0.6582608819007874,15000000001.498571,53.04635436940259,0.017154029968009823,0.0,0.003886315740259668,2.2838789886420225,0.7602004408836365,0.3172212839126587
150,0.6673543453216553,15000000001.48723,53.03103934698965,0.0064584960165758876,0.0,0.0056815323525459226,2.3522390040716337,0.7649167776107788,0.31034499406814575
151,0.6714680194854736,15000000001.526093,53.0678836418037,0.0,0.0,0.009037750800775993,2.234642276159723,0.7686649560928345,0.3016146719455719
152,0.6690778732299805,15000000001.510723,53.07683356012261,0.0,0.0,0.00943094516848998,2.348218160538864,0.7733698487281799,0.29394280910491943
153,0.6713894605636597,15000000001.517744,53.08896118956272,0.0,0.0,0.008881865241580703,2.2640843717521486,0.7796412110328674,0.2858636975288391
154,0.6642874479293823,15000000001.5141,53.10264081030453,0.00015056364830245972,0.0,0.009505089840933009,2.494632335079762,0.7806342840194702,0.2801499366760254
155,0.6609114408493042,15000000001.509174,53.12645583211005,0.0,0.0,0.006955729830802652,2.340402928836764,0.7792202234268188,0.28000500798225403
156,0.669063925743103,15000000001.508583,53.15206634108726,0.000739656966136884,0.0,0.00806172163222818,2.526636636851796,0.7756049633026123,0.2834245562553406
157,0.6554892659187317,15000000001.53665,53.17816648792247,0.0,0.0,0.0035562701407273905,2.566649100398212,0.7745298147201538,0.283774197101593
158,0.6504511833190918,15000000001.538904,53.24109654311786,0.0,0.0,0.009656404238652447,2.6472234423486243,0.769706130027771,0.29032576084136963
159,0.652224063873291,15000000001.536533,53.245251047715044,0.0,0.0,0.004448180382997694,2.7836425632526622,0.7610238790512085,0.2987785339355469
160,0.6513830423355103,15000000001.519293,53.21854166274744,0.01227949704442206,0.0,0.0030466498397190194,2.7251732596235283,0.7588135004043579,0.3033652901649475
161,0.6464800834655762,15000000001.551052,53.28269477105074,0.020032008856137738,0.0,0.010690347164515125,2.9046121538031917,0.7518932223320007,0.31420305371284485
162,0.6576206684112549,15000000001.540964,53.3098743895445,0.005792404846644901,0.0,0.006740537027312608,2.5289079840884106,0.744647204875946,0.32033464312553406
163,0.6604515314102173,15000000001.527878,53.34924579548652,0.031550167039801465,0.0,0.008905897092491472,2.6539485639319853,0.7376903295516968,0.3323378562927246
164,0.6553940773010254,15000000001.51883,53.29977241150906,0.030438070316696215,0.0,0.006102531318365461,2.537441146927114,0.7315385937690735,0.33709678053855896
165,0.6587712168693542,15000000001.519384,53.33650722529218,0.040063698068202355,0.0,0.003738891005807438,2.5760366291219396,0.7288680672645569,0.3443768322467804
166,0.6621204614639282,15000000001.527178,53.379909119598665,0.026647807740582844,0.0,0.004244734181020542,2.4462560079159705,0.7337404489517212,0.33299708366394043
167,0.6493858098983765,15000000001.52918,53.42300834856458,0.05479342142442743,0.0,0.00920083798655431,2.5518019338446924,0.7241114377975464,0.34528571367263794
168,0.6629297733306885,15000000001.545208,53.43054002385172,0.036721485679245124,0.0,0.01047803751661194,2.5820916357899497,0.7307460308074951,0.33476510643959045
169,0.6464567184448242,15000000001.52034,53.46287694387817,0.03837518054566321,0.0,0.010151889632033418,2.422235060068652,0.736956000328064,0.3244238495826721
170,0.645262598991394,15000000001.520885,53.501074900357146,0.002966065262346145,0.0,0.008207528205935727,2.2935106718600053,0.7348377704620361,0.3244357705116272
171,0.6603917479515076,15000000001.534512,53.53049460710552,0.005788207507278258,0.0,0.011169073810711397,2.265487075224983,0.7364755272865295,0.3216272294521332
172,0.6538699865341187,15000000001.55096,53.48741016485424,0.003191676585841824,0.0,0.0066769069681119645,2.3885425832670846,0.7406221628189087,0.3146943747997284
173,0.6452049016952515,15000000001.531761,53.557858845901805,0.0,0.0,0.013024717979347575,2.3641456480527068,0.746487557888031,0.30982840061187744
174,0.6537468433380127,15000000001.552475,53.612237917320265,0.0,0.0,0.012214225927027984,2.35757230077836,0.7481462955474854,0.31100785732269287
175,0.6544321179389954,15000000001.55276,53.58452618717417,0.0,0.0,0.014555107107433943,2.329967950097917,0.7594099640846252,0.2993142306804657
176,0.6624956130981445,15000000001.532999,53.65657917611656,0.0,0.0,0.014129798115937925,2.4903334095402845,0.7577876448631287,0.30625781416893005
177,0.6611286401748657,15000000001.543276,53.6874347579051,0.0,0.0,0.012606202681301382,2.306966233288573,0.7642744183540344,0.29846468567848206
178,0.6514462828636169,15000000001.52674,53.687295363746344,0.0,0.0,0.014468863340842448,2.4563070877636997,0.7676929831504822,0.29726430773735046
179,0.6626845598220825,15000000001.57313,53.84207479139587,0.0,0.0,0.01996749785288876,2.3948335060102557,0.7759312987327576,0.28438037633895874
180,0.6474019289016724,15000000001.576916,53.838945029186675,0.0,0.0,0.010196278159409721,2.3491976027092063,0.774508535861969,0.2878112196922302
181,0.6579605937004089,15000000001.58001,53.983661503257466,0.0,0.0,0.01470096807044436,2.4275338604445156,0.7749987244606018,0.2860561013221741
182,0.6641552448272705,15000000001.55066,54.07508536089334,0.0034718336227065223,0.0,0.01370209362789607,2.350283544018676,0.7718454599380493,0.2828715741634369
183,0.6527528166770935,15000000001.545506,54.50592591638461,0.005516772953561556,0.0,0.02612545123873276,2.569855501264058,0.7631566524505615,0.29436564445495605
184,0.6507532596588135,15000000001.56127,54.56574071154871,0.002711146348811741,0.0,0.03043032561359089,2.8623046390717173,0.7487251162528992,0.3118589222431183
185,0.6698944568634033,15000000001.544151,54.54882305153194,0.0035832047436402323,0.0,0.02189462756457089,2.8329252964640004,0.7392383217811584,0.31792688369750977
186,0.6560223698616028,15000000001.553894,54.57407574470928,0.005719807300932071,0.0,0.01870314339754953,2.9144667135194684,0.7257483601570129,0.33618080615997314
187,0.6740273237228394,15000000001.555809,54.736995052283085,0.016504900187297892,0.0,0.031789249666241554,2.7482696214337405,0.7192538976669312,0.34310534596443176
188,0.6509790420532227,15000000001.53698,54.77847601195567,0.0272646346898472,0.0,0.025336351083974258,2.6336949924336723,0.7101601958274841,0.35737451910972595
189,0.6743140816688538,15000000001.54039,54.59088286494317,0.02267211424886413,0.0,0.006585779861909069,2.390680371132234,0.7096813917160034,0.3631945848464966
190,0.6545834541320801,15000000001.57556,54.69287763750665,0.03541531165200257,0.0,0.029118319943583316,2.453776631638176,0.7076410055160522,0.3684478998184204
191,0.6669607758522034,15000000001.535568,54.65262336403101,0.009668531670483455,0.0,0.02176416624345047,2.44544450504391,0.7226751446723938,0.3529323935508728
192,0.6645087003707886,15000000001.512787,54.690588740035956,0.004301631079768067,0.0,0.018285003361106212,2.3564619979307437,0.732662558555603,0.33969929814338684
193,0.6634859442710876,15000000001.549442,54.708619932972304,0.010445104505054006,0.0,0.01490736508370955,2.308566790345769,0.7421824932098389,0.3287072777748108
194,0.6715641617774963,15000000001.545753,54.538718516447936,0.0,0.0,0.004116738102044478,2.3409124832175237,0.748049795627594,0.31932953000068665
195,0.670479416847229,15000000001.536007,54.58657183434909,0.0060423791708974495,0.0,0.0,2.376760560134305,0.7530016303062439,0.3187580406665802
196,0.6662470102310181,15000000001.518188,54.55924373596658,0.0,0.0,0.01168436675824972,2.425896924425264,0.7601543664932251,0.3069136142730713
197,0.6693735122680664,15000000001.523396,54.565164579049096,0.0015064083303743918,0.0,0.0,2.488210239859015,0.7524545192718506,0.314714252948761
198,0.6498521566390991,15000000001.533665,54.64950135462011,0.0,0.0,8.30288553578744e-05,2.4731016318080834,0.7571674585342407,0.31133532524108887
199,0.662163257598877,15000000001.549503,54.66535594398148,0.0,0.0,0.0011097624756437623,2.2624799811466474,0.7574831247329712,0.3104582130908966
200,0.6677650809288025,15000000001.543276,54.66934607590258,0.0,0.0,0.004483976504300884,2.571069768765347,0.7497609853744507,0.31745532155036926
201,0.6569918394088745,15000000001.542591,54.71370029232916,0.010726020042253034,0.0,0.028837924728950658,2.4496066024463388,0.7403503060340881,0.33011528849601746
202,0.6699353456497192,15000000001.54559,54.63263472509223,0.0002877230199419892,0.0,0.014898148189032873,2.7350322453943985,0.7344906330108643,0.33525457978248596
203,0.6535422205924988,15000000001.52543,54.78953029696218,0.0010727987142826086,0.0,0.005977232820083574,2.753328451182595,0.7312206029891968,0.340607613325119
204,0.6760159730911255,15000000001.53694,54.42388814991186,0.029393944371583543,0.0,0.0,2.6845890132811876,0.718213677406311,0.35521432757377625
205,0.6620756387710571,15000000001.504553,54.663598375893926,0.022748104097057933,0.0,0.028910228057277578,2.7322486235737458,0.7214862704277039,0.3563665747642517
206,0.664203405380249,15000000001.526619,54.39668792553979,0.02552151951144598,0.0,0.00852904396300079,2.3732278109344525,0.7239371538162231,0.3566535711288452
207,0.6611926555633545,15000000001.532883,54.4605754953409,0.024362056637633498,0.0,0.0,2.3115552753851545,0.7303069829940796,0.3483600914478302
208,0.6610732078552246,15000000001.516327,54.24857287009394,0.03376995858316047,0.0,0.0,2.298745591396827,0.7270402908325195,0.34875065088272095
209,0.671715259552002,15000000001.507118,54.39085720053343,0.005279120239470043,0.0,0.0,2.3223989441578485,0.7250741720199585,0.3413938283920288
210,0.6587135791778564,15000000001.530489,54.61650187920024,0.0006857367005460441,0.0,0.04694100862961931,2.3953461962446925,0.7235589623451233,0.3425707519054413
211,0.6540423035621643,15000000001.518145,54.880001754157945,0.0009319941176143785,0.0,0.06597036397124141,2.5691648228113513,0.7197689414024353,0.3382839262485504
212,0.6623754501342773,15000000001.515705,54.70151378149791,0.002003243409129867,0.0,0.06246118625180728,2.3017440573375687,0.7200245261192322,0.34046900272369385
213,0.6720418930053711,15000000001.515476,54.53610865483734,0.0,0.0,0.06893571418670405,2.2807005325673546,0.7155246138572693,0.3452036678791046
214,0.6689068078994751,15000000001.502182,54.420781796936275,0.0,0.0,0.04726338745753303,2.315930992183284,0.721928596496582,0.33914023637771606
215,0.6958529949188232,15000000001.507288,54.213833451647055,0.0,0.0,0.08241869272488173,1.892324879064156,0.7233679294586182,0.33722350001335144
216,0.6608138084411621,15000000001.513584,54.40442152483065,0.0,0.0,0.07296790360530934,2.06506601993736,0.7207556366920471,0.34255409240722656
217,0.6744033098220825,15000000001.510313,54.373018007488234,0.002022370131352723,0.0,0.10559283029410549,1.9428446021817636,0.7209659814834595,0.34454160928726196
218,0.6753557324409485,15000000001.516804,54.65139084033578,0.0,0.0,0.104760541531345,2.072492146731619,0.7127950191497803,0.3488665223121643
219,0.6618406772613525,15000000001.491787,54.30805905700617,0.0,0.0,0.08031170434332163,1.9537512501918042,0.7179661393165588,0.34243395924568176
220,0.6665164232254028,15000000001.49304,54.72654390942077,0.0,0.0,0.10326333533578216,2.216630069878906,0.7129641771316528,0.3414113223552704
221,0.6714727878570557,15000000001.483358,54.43467030002848,0.006031550190014282,0.0,0.08376642952472459,2.4688639288141285,0.7091856598854065,0.3521498441696167
222,0.672828197479248,15000000001.527145,54.41419584514156,0.0,0.0,0.07502147553361119,2.590720454691434,0.7072912454605103,0.35329878330230713
223,0.6800079941749573,15000000001.515282,54.179614537787145,0.0006325192997323724,0.0,0.09245048975139067,2.0900797599963292,0.7099777460098267,0.35241827368736267
224,0.6738928556442261,15000000001.509348,54.27505254786256,0.0012211900271717861,0.0,0.06784765454212727,2.044928731455256,0.7139865159988403,0.34933990240097046
225,0.6701620221138,15000000001.524347,54.18710814099739,0.0,0.0,0.06726635837749217,2.0970593275251064,0.7141920328140259,0.3475434482097626
226,0.6685327291488647,15000000001.515951,53.98223220564476,0.0,0.0,0.046155451525743164,1.993213795464606,0.7231533527374268,0.3426356315612793
227,0.6671208143234253,15000000001.49727,54.21459868376036,0.0,0.0,0.045757976514866266,2.1228095341907114,0.722508430480957,0.34101343154907227
228,0.6847180128097534,15000000001.503164,54.00652518903681,0.0,0.0,0.062069295818917444,2.0046428050860485,0.7299949526786804,0.336558073759079
229,0.6798514127731323,15000000001.503668,54.182388935211286,0.0,0.0,0.08998228862001109,2.077113448225141,0.7230721116065979,0.3410961627960205
230,0.6698137521743774,15000000001.527555,54.05886437087612,0.0,0.0,0.07199238462619292,2.2255854367282137,0.7230458855628967,0.3396727442741394
231,0.6751604676246643,15000000001.517048,53.609542320994336,0.0,0.0,0.013688428037746787,1.9538536158978654,0.7379103302955627,0.3308970332145691
232,0.6673386693000793,15000000001.522507,54.041790475997004,0.0,0.0,0.08329680743888013,2.3178065049240804,0.7295381426811218,0.3377281129360199
233,0.6609876155853271,15000000001.494751,53.8104933270004,0.0,0.0,0.06545295103533497,1.9676654701258287,0.736537754535675,0.3301413953304291
234,0.673336386680603,15000000001.510386,53.81433226985668,0.0,0.0,0.06312769570888577,1.904183180248943,0.7333726286888123,0.33194440603256226
235,0.674652099609375,15000000001.477753,53.71457551816613,0.0,0.0,0.04979968876013232,2.303265723895784,0.7385186553001404,0.33221036195755005
236,0.6712382435798645,15000000001.497232,54.02357715343424,0.0,0.0,0.054801035400516396,2.356065391260456,0.731484591960907,0.33206993341445923
237,0.6765924096107483,15000000001.496817,53.917206503856235,0.0,0.0,0.07118541140726924,2.304626426946937,0.73284912109375,0.33176225423812866
238,0.6717898845672607,15000000001.518408,53.737242171862945,0.0,0.0,0.043149741498666676,2.5189541788352745,0.7321587204933167,0.3401855528354645
239,0.669237494468689,15000000001.528028,54.011428166182846,0.0,0.0,0.1009415316614028,2.48208797454978,0.7279946804046631,0.34248897433280945
240,0.6708865165710449,15000000001.511763,53.778072590393876,0.0,0.0,0.06266032005709349,2.3856537501687574,0.7287443280220032,0.33908259868621826
241,0.6663709878921509,15000000001.517227,53.60186140933118,0.0,0.0,0.05238273849912896,2.2201508691639154,0.731016218662262,0.33947792649269104
242,0.6666804552078247,15000000001.524363,53.6875340802379,0.0,0.0,0.062168458648092506,1.9813063926475065,0.7396429181098938,0.3304058313369751
243,0.6751172542572021,15000000001.50463,53.57846544097649,0.0,0.0,0.038235506957125465,2.081216116574735,0.7397663593292236,0.33020609617233276
244,0.6656289100646973,15000000001.513655,53.78147624317122,0.0,0.0,0.07053432405963836,2.297532847308789,0.7363241314888,0.3349716067314148
245,0.6589813232421875,15000000001.504242,53.60761718496661,0.0,0.0,0.049506258257685974,2.151382789538441,0.7411443591117859,0.32452917098999023
246,0.6667425036430359,15000000001.521925,53.56882247876668,0.0,0.0,0.03809348735683248,2.0176354074439873,0.7420973181724548,0.32684534788131714
247,0.6640695929527283,15000000001.49848,53.58995954361424,0.0,0.0,0.03554287541761934,2.3758665057011106,0.7393812537193298,0.33236199617385864
248,0.668615996837616,15000000001.540733,53.63775210119233,0.0,0.0,0.05234159949773802,1.9153288545655565,0.7403929233551025,0.3239333927631378
249,0.6651109457015991,15000000001.514925,53.48202704579636,0.0,0.0,0.030331757652303514,2.0256427805851525,0.7430853247642517,0.32717904448509216
250,0.6692895889282227,15000000001.53536,53.69614909144086,0.0,0.0,0.05421878865291967,2.059919463410173,0.7382784485816956,0.33196789026260376
251,0.6609750390052795,15000000001.506956,53.579193325375364,0.0,0.0,0.043189587061008373,2.0531384227727845,0.7374113202095032,0.3291902542114258
252,0.6715189218521118,15000000001.518171,53.475409998017916,0.0,0.0,0.027929313556977857,1.8887455743091588,0.7394052147865295,0.32655176520347595
253,0.6667691469192505,15000000001.531364,53.47774340588347,0.0,0.0,0.025928909770677546,1.9140831469079755,0.7470793128013611,0.31916239857673645
254,0.663296639919281,15000000001.534811,53.52277657742849,0.0,0.0,0.02994395493206014,1.9940173976462066,0.7430101633071899,0.323828786611557
255,0.665275514125824,15000000001.509073,53.418236338457525,0.0,0.0,0.011798104868332602,1.9527455025688618,0.7464148998260498,0.3232961595058441
256,0.6675142049789429,15000000001.529894,53.64422604184439,0.0,0.0,0.043256287542993946,2.168235524427895,0.7462600469589233,0.3198786973953247
257,0.6678487062454224,15000000001.514095,53.51553117646962,0.0,0.0,0.017816390389454685,1.8294546865897336,0.744388222694397,0.32243281602859497
258,0.6591871976852417,15000000001.55217,53.5853643564295,0.0,0.0,0.04883443096652814,1.7499081325684458,0.7385194301605225,0.3273366689682007
259,0.6611844301223755,15000000001.519327,53.55029366522472,0.0,0.0,0.01916255028728979,1.7754968033310226,0.7431936860084534,0.3249872326850891
260,0.6607421636581421,15000000001.52401,53.58021180601928,0.0,0.0,0.023524062913751642,1.7215999765749328,0.7454537749290466,0.31994083523750305
261,0.6705139875411987,15000000001.5321,53.65713843402468,0.0,0.0,0.03612708634373608,1.8369040137853219,0.7478742599487305,0.3169129192829132
262,0.6596290469169617,15000000001.535824,53.62349537897782,0.0,0.0,0.0317118953024416,1.8874318679648725,0.750000536441803,0.31722816824913025
263,0.6579207181930542,15000000001.530924,53.592624218671375,0.0,0.0,0.026674029344094668,1.8587452777303473,0.7479624152183533,0.3175147771835327
264,0.6691139936447144,15000000001.539387,53.5697885661029,0.0,0.0,0.022005150111235244,1.7541112603161593,0.746112585067749,0.323356568813324
265,0.6656701564788818,15000000001.540878,53.7369571293622,0.0,0.0,0.03276979976195934,1.8086719763783885,0.7434931397438049,0.32869166135787964
266,0.6472358107566833,15000000001.54453,53.81120488773739,0.0,0.0,0.03355999026291567,2.045660537371936,0.7400083541870117,0.3267451524734497
267,0.6595702171325684,15000000001.538858,53.79351275634619,0.0,0.0,0.026001628722028172,1.8374951249709817,0.7409959435462952,0.32491394877433777
268,0.6585596799850464,15000000001.50876,53.96773367819105,0.0,0.0,0.02545802974832624,1.9924038851053694,0.737565815448761,0.33129626512527466
269,0.6610207557678223,15000000001.506622,53.84706377702231,0.0,0.0,0.021466108691412047,1.7269088585888233,0.741710901260376,0.32693472504615784
270,0.6654216051101685,15000000001.528412,53.77515033859245,0.0,0.0,0.011751281615918287,1.6273549986073141,0.7414414882659912,0.3235945701599121
271,0.6523199677467346,15000000001.523808,53.90180363542592,0.0,0.0,0.013071037651231908,1.7201103397513062,0.741567075252533,0.32339537143707275
272,0.6643081307411194,15000000001.554146,54.1322599664227,0.0,0.0,0.046034062417566676,1.5492064567204862,0.7391065955162048,0.32324162125587463
273,0.6567943096160889,15000000001.549425,54.505382707471114,0.0,0.0,0.06711745645375466,1.7115328137144978,0.7359781861305237,0.32231926918029785
274,0.6693971157073975,15000000001.552515,54.19800573436867,0.0,0.0,0.03674337982344014,1.5631635657885194,0.7435239553451538,0.3192947208881378
275,0.6537995338439941,15000000001.522167,54.339889508515334,0.0,0.0,0.05732494607616447,1.5622604833697238,0.7342700362205505,0.3285716772079468
276,0.6619355082511902,15000000001.537567,54.4635515758397,0.0,0.0,0.05878495133314983,1.7157781658769533,0.735194981098175,0.3295768201351166
277,0.6508408784866333,15000000001.536867,54.363812304581856,0.0,0.0,0.05767199580449765,1.643003413228922,0.734818696975708,0.3294275104999542
278,0.6751139760017395,15000000001.5347,54.45134026802516,0.0,0.0,0.03892465364429809,1.4925986945790983,0.7356175780296326,0.32425960898399353
279,0.6509840488433838,15000000001.566515,54.3279574275393,0.0,0.0,0.041271062354764715,1.6266132815057013,0.7364625334739685,0.3253752887248993
280,0.664270281791687,15000000001.522768,54.69125493412281,0.0,0.0,0.07352077563532176,1.6336741449462153,0.7268105149269104,0.3339592516422272
281,0.6770519018173218,15000000001.544209,54.912991723779,0.0,0.0,0.06281742667907139,1.561909690433603,0.7290717959403992,0.3274010419845581
282,0.6625101566314697,15000000001.545902,54.97847398335478,0.0,0.0,0.0604224894256758,1.4639523546113704,0.7315496802330017,0.3234853744506836
283,0.6516472101211548,15000000001.538128,54.64859891522379,0.0,0.0,0.03845755067942541,1.5544988749043027,0.7308185696601868,0.3267053961753845
284,0.666046679019928,15000000001.520512,54.620480206754856,0.0,0.0,0.044193997602199615,1.7520984310999486,0.7304903268814087,0.33021309971809387
285,0.6659935712814331,15000000001.54658,54.86960798198767,0.0,0.0,0.036263813422672944,1.5618135429048667,0.7185256481170654,0.3369276821613312
286,0.6702449321746826,15000000001.511278,54.837254566155714,0.0,0.0,0.038737047316041245,1.8492391396181016,0.7155506610870361,0.34096723794937134
287,0.6714231967926025,15000000001.534348,55.24223000201554,0.0,0.0,0.09176090354427088,1.5175588333987227,0.7128176093101501,0.34273838996887207
288,0.6600117683410645,15000000001.562365,54.74679318765615,0.0,0.0,0.04373277989604182,1.5770836997578987,0.7189690470695496,0.33836629986763
289,0.6630693674087524,15000000001.54874,54.797804307332534,0.0,0.0,0.06544494526457632,1.6898110314459909,0.7229747176170349,0.3349860608577728
290,0.66029953956604,15000000001.530624,54.86325995627178,0.0,0.0,0.06347427670848887,1.7120414800919879,0.7150539755821228,0.33725783228874207
291,0.6519062519073486,15000000001.51218,54.86070244508591,0.0,0.0,0.055755057261327935,1.4049840707422572,0.7191376090049744,0.3306880593299866
292,0.663172721862793,15000000001.533466,54.89637253555233,0.0,0.0,0.047673124976726246,1.5169558598554505,0.7248696684837341,0.32671332359313965
293,0.6657161712646484,15000000001.534266,54.80555983487364,0.0,0.0,0.04250470731283982,1.6132657925777558,0.7205262780189514,0.3285926282405853
294,0.6551898717880249,15000000001.54589,55.03461081945516,0.0,0.0,0.06072405674928766,1.406704688844775,0.7132959365844727,0.3359167277812958
295,0.6603919267654419,15000000001.517387,55.32355283379725,0.0,0.0,0.08808884376657974,1.5107360803575456,0.7119348049163818,0.33386319875717163
296,0.6634459495544434,15000000001.536144,54.88870811161771,0.0,0.0,0.07363847466290442,1.6081274400405032,0.7143927216529846,0.3362504243850708
297,0.6603262424468994,15000000001.540949,55.5259854924193,0.0,0.0,0.09013983449512093,1.4594552057750545,0.7070217728614807,0.33465683460235596
298,0.6562802791595459,15000000001.526941,54.867606753782674,0.0,0.0,0.043321066151291686,1.3660376638073228,0.7207345366477966,0.3260256052017212
299,0.6594345569610596,15000000001.525995,54.76346918102176,0.0,0.0,0.03306985163676623,1.4747162226649135,0.7182424068450928,0.32751360535621643
300,0.6808426380157471,15000000001.503351,55.10119690582179,0.0,0.0,0.06878287007691536,1.5316490083782341,0.7164238095283508,0.3286485970020294
301,0.6527056694030762,15000000001.535492,54.881851350279405,0.0,0.0,0.05689954647867797,1.602418199429387,0.7151164412498474,0.3296867609024048
302,0.6515147686004639,15000000001.551964,54.32959144905165,0.0,0.0,0.011026627328633954,1.3273649640166685,0.7246615886688232,0.32548436522483826
303,0.6457492113113403,15000000001.56686,54.73505589001185,0.0,0.0,0.04967050468574578,1.5195709222105849,0.7241963744163513,0.3234715759754181
304,0.6499552726745605,15000000001.543417,54.588836211757354,0.0,0.0,0.0693516048301797,1.4823113190357908,0.7294464111328125,0.32650047540664673
305,0.6530155539512634,15000000001.547472,54.6640549920295,0.0,0.0,0.04734931088929729,1.3112281773589856,0.7230043411254883,0.3242930769920349
306,0.653922975063324,15000000001.577875,54.735305901223356,0.0,0.0,0.05128331776346748,1.4424130622222524,0.7237817049026489,0.32431966066360474
307,0.655863344669342,15000000001.555891,54.6621114279663,0.0,0.0,0.052224983417671594,1.4396560889342964,0.7214908599853516,0.3259638249874115
308,0.6463573575019836,15000000001.517315,54.60930252399221,0.0,0.0,0.05654811381828373,1.2394352293816686,0.7262200117111206,0.32243379950523376
309,0.651459813117981,15000000001.543623,54.96500321029421,0.0,0.0,0.08307560986254718,1.4272469641073275,0.7184679508209229,0.32722556591033936
310,0.6628408432006836,15000000001.539368,54.139687138074876,0.0,0.0,0.03517297067929528,1.4546528312660016,0.7300140857696533,0.32077881693840027
311,0.6528667211532593,15000000001.570126,54.695995374365125,0.0,0.0,0.06861719066225626,1.4375957586144208,0.7262433171272278,0.31673285365104675
312,0.6576533913612366,15000000001.5731,54.58738666633333,0.0,0.0,0.049176983650482696,1.5013415485030326,0.729907751083374,0.3206411898136139
313,0.6353821754455566,15000000001.580236,54.26490778850567,0.0,0.0,0.04687161918303346,1.2560059332618663,0.7316166162490845,0.3198915421962738
314,0.6477675437927246,15000000001.565655,54.52317603748316,0.0,0.0,0.06790324982678986,1.3216791080314412,0.7273545861244202,0.32194286584854126
315,0.6406121850013733,15000000001.569376,54.70358179614485,0.0,0.0,0.07394660459202132,1.2561619314167674,0.7245822548866272,0.3232828378677368
316,0.6433353424072266,15000000001.57212,54.38644113027089,0.0,0.0,0.04338525516889131,1.4626304605720581,0.7232295870780945,0.32495027780532837
317,0.642899751663208,15000000001.57362,54.2215711108101,0.0,0.0,0.04575704739122819,1.3015502180411544,0.7347833514213562,0.31670716404914856
318,0.6340556144714355,15000000001.584686,54.443065139024846,0.0,0.0,0.038139401144668794,1.2209380708409057,0.732224702835083,0.3164767324924469
319,0.6373867988586426,15000000001.549408,54.572281190191305,0.0,0.0,0.061848974211368174,1.3767241679737243,0.7287384271621704,0.32104459404945374
320,0.6346210241317749,15000000001.572565,54.56513806081105,0.0,0.0,0.044801071313798624,1.3371071836654957,0.7206447720527649,0.3293696641921997
321,0.6566466093063354,15000000001.569698,54.286719713852776,0.0,0.0,0.013137273116302773,1.3275683224274972,0.7275062203407288,0.3249858021736145
322,0.6495578289031982,15000000001.589415,54.584731659442625,0.0,0.0,0.035902782934208455,1.2876822891320532,0.7241560220718384,0.32230091094970703
323,0.6495791673660278,15000000001.581059,54.28009175005002,0.0,0.0,0.02445141004494737,1.4319879899989258,0.7307937741279602,0.3181203603744507
324,0.6412203311920166,15000000001.545034,54.3933524572959,0.0,0.0,0.0359623402119473,1.2846394216373618,0.7289872765541077,0.3156992793083191
325,0.6455546617507935,15000000001.598335,54.388684672753676,0.0,0.0,0.029205242311931598,1.3352706939803227,0.7312034368515015,0.31331780552864075
326,0.6485705375671387,15000000001.550392,54.50115956616511,0.0,0.0,0.05828796587000596,1.29376411008454,0.7203174233436584,0.31967756152153015
327,0.6446225047111511,15000000001.609459,54.60843502135347,0.0,0.0,0.05611844742447625,1.2806710819165394,0.7239779829978943,0.32030922174453735
328,0.6457720994949341,15000000001.611103,54.5117748823042,0.0,0.0,0.039521234508199,1.251706413004478,0.7184492349624634,0.3258485198020935
329,0.6395303010940552,15000000001.553802,54.52112172427079,0.0,0.0,0.03660369872357561,1.1865039913389726,0.7187730669975281,0.3240015506744385
330,0.6467552185058594,15000000001.58085,54.75017480718679,0.0,0.0,0.025522038208080845,1.4815940675819697,0.7186831831932068,0.32486438751220703
331,0.6470456123352051,15000000001.586037,54.62793392347085,0.0,0.0,0.03439856500221137,1.3285165648852808,0.7228184938430786,0.3203609883785248
332,0.627204418182373,15000000001.592777,54.39741439581521,0.0,0.0,0.01328470577863309,1.215833738825674,0.725581169128418,0.3186195492744446
333,0.6320168972015381,15000000001.609398,54.23346642054741,0.0,0.0,0.0005059527441990903,1.1870798230956374,0.7264626026153564,0.3160141110420227
334,0.6433897614479065,15000000001.611485,54.66853987562763,0.0,0.0,0.02409997025197018,1.1550795138020722,0.7207748889923096,0.3172629773616791
335,0.6280111074447632,15000000001.560461,54.486930185887836,0.0,0.0,0.031410411358347795,1.3050510769102526,0.7187690138816833,0.3222845494747162
336,0.6248273849487305,15000000001.585592,54.6129482072719,0.0,0.0,0.03240359726478997,1.2807798854581105,0.7229617834091187,0.31596675515174866
337,0.6473160982131958,15000000001.594727,54.52512430102892,0.0,0.0,0.039820045292569786,1.094447676731957,0.7274938225746155,0.31608983874320984
338,0.6447005271911621,15000000001.582705,54.37486596138205,0.0,0.0,0.004423597985408461,1.1649391031142065,0.7234593629837036,0.31644442677497864
339,0.6247718334197998,15000000001.594183,54.6917782878657,0.0,0.0,0.017325193068445297,1.1112424445108393,0.7192489504814148,0.32039663195610046
340,0.6402755975723267,15000000001.616865,54.7273560589643,0.0,0.0,0.001136623998308804,1.3244352578985485,0.7101251482963562,0.3297007977962494
341,0.6393074989318848,15000000001.565279,55.01131979005396,0.0,0.0,0.0,1.2196958375148754,0.7113327383995056,0.32413920760154724
342,0.6355994343757629,15000000001.600178,54.82564140964788,0.0,0.0,0.027547527205916383,1.0847931823262638,0.7217833995819092,0.3148784339427948
343,0.6321273446083069,15000000001.606533,55.09007281882032,0.0,0.0,0.0279287261672835,1.1702016285234862,0.717430591583252,0.3150506317615509
344,0.6475421190261841,15000000001.583181,54.82047316265188,0.0,0.0,0.02440904238810562,1.1835000028406093,0.7197034358978271,0.3168286681175232
345,0.6453051567077637,15000000001.585573,55.12054780445805,0.0,0.0,0.05341737849086623,1.1297524279862317,0.7089986801147461,0.3222913444042206
346,0.6435068845748901,15000000001.602482,54.91158108706365,0.0,0.0,0.026658508274336745,1.1271137732735839,0.711455762386322,0.32032832503318787
347,0.6363513469696045,15000000001.620758,55.416361431398855,0.0,0.0,0.058051509200045745,1.0719341508784275,0.7074831128120422,0.31634461879730225
348,0.6423850059509277,15000000001.606234,54.877594144574424,0.0,0.0,0.014729505470145302,1.1625882379852541,0.7192774415016174,0.3107471466064453
349,0.6387631893157959,15000000001.624943,55.11198103880284,0.0,0.0,0.020597525683569106,1.1733868668898702,0.7112136483192444,0.3152020573616028
350,0.6308919191360474,15000000001.672358,55.57652718680904,0.0,0.0,0.018684011053239902,1.0798054067843301,0.7024728655815125,0.318385511636734
351,0.6472728252410889,15000000001.572565,55.375280318270704,0.0,0.0,0.0,1.0941709457772595,0.7071473002433777,0.3170444071292877
352,0.6307722926139832,15000000001.622559,55.08508496850499,0.0,0.0,0.006963724055689082,0.9818968840234399,0.7119845747947693,0.3113393783569336
353,0.6282795667648315,15000000001.618097,55.566471396036285,0.0,0.0,0.04716978065539748,1.1564964706567429,0.7011203765869141,0.31672653555870056
354,0.6407512426376343,15000000001.607197,55.288521448539925,0.0,0.0,0.012129202146044174,1.0175084063415902,0.7068044543266296,0.3133867681026459
355,0.6358417868614197,15000000001.566242,55.329247201270206,0.0,0.0,0.0,1.2461825548458711,0.7045654654502869,0.31349462270736694
356,0.6406460404396057,15000000001.582024,55.55051782982366,0.0,0.0,0.014176245156381159,1.0624832327995444,0.7009191513061523,0.31262776255607605
357,0.6348536014556885,15000000001.62597,55.37100415753972,0.0,0.0,0.0109268705710319,1.0056080509026224,0.7095615267753601,0.30959033966064453
358,0.6344723701477051,15000000001.632221,55.66832886238609,0.0,0.0,0.036695489071485454,1.0910469484339496,0.6976330876350403,0.31228306889533997
359,0.6292695999145508,15000000001.643442,55.43805915929634,0.0,0.0,0.012119799328064708,1.042259083699405,0.7030820250511169,0.3103434145450592
360,0.62553870677948,15000000001.589758,55.426047886816484,0.0,0.0,0.017182458463788155,1.0582456857812768,0.6996810436248779,0.30839550495147705
361,0.6425493955612183,15000000001.614159,55.73209104020199,0.0,0.0,0.023526243158439354,1.0604697393578426,0.6972803473472595,0.30796781182289124
362,0.6245664358139038,15000000001.649872,55.65373802796758,0.0,0.0,0.008429011911853,1.0692335518720493,0.6914587020874023,0.3122777044773102
363,0.6453291177749634,15000000001.592293,55.62612753857472,0.0,0.0,0.0,1.0790859476276196,0.6997054219245911,0.3016221225261688
364,0.6391520500183105,15000000001.592852,55.73032590953268,0.0,0.0,0.0,1.1124503713056333,0.6915902495384216,0.3096264898777008
365,0.6429080963134766,15000000001.587378,55.67281258334263,0.0,0.0,0.0,1.0207459311296327,0.6924207210540771,0.30685096979141235
366,0.6349582672119141,15000000001.632946,56.282991579245504,0.0,0.0,0.0,1.0133832215648144,0.6812860369682312,0.3078921139240265
367,0.6359530687332153,15000000001.59649,56.086466162454414,0.0,0.0,0.0,1.0138948424537975,0.6887727975845337,0.3051745295524597
368,0.6543692946434021,15000000001.602568,56.22770369328137,0.0,0.0,0.002209368256934151,1.0128516109597792,0.6899325251579285,0.2981102764606476
369,0.6442968845367432,15000000001.58727,56.330876747220664,0.0,0.0,0.0,0.9857377377169517,0.6834972500801086,0.30021026730537415
370,0.6268783807754517,15000000001.584978,56.214798961400334,0.0,0.0,0.0,0.8905153318527488,0.6792964339256287,0.30473822355270386
371,0.653154194355011,15000000001.607922,56.71917354620871,0.0,0.0,0.0,1.0010493047265094,0.6657969951629639,0.3071538805961609
372,0.6679138541221619,15000000001.618204,56.51736267257414,0.0,0.0,0.0006600957468888756,1.0378921041179447,0.67105633020401,0.302537739276886
373,0.6301952004432678,15000000001.624691,56.85128709674148,0.0,0.0,0.0,0.9692392770987072,0.6668419241905212,0.29112508893013
374,0.6378250122070312,15000000001.580061,56.988065106311765,0.0,0.0,0.0,0.9861196353508459,0.6644451022148132,0.2914580702781677
375,0.6499276161193848,15000000001.621954,57.13230712373404,0.0,0.0,0.0,0.9798518763251967,0.656667947769165,0.29365265369415283
376,0.6503505110740662,15000000001.55483,56.923435490645204,0.0,0.0,0.0,0.8952716948386934,0.6574424505233765,0.29038673639297485
377,0.6583479642868042,15000000001.629282,57.28779631682335,0.0,0.0,0.0,1.039861456897263,0.6483973860740662,0.29054465889930725
378,0.6599858999252319,15000000001.58912,57.47090745105163,0.0,0.0,0.0,1.0443288347540636,0.6426605582237244,0.28959351778030396
379,0.6604042053222656,15000000001.572054,57.504470999461134,0.0,0.0,0.0,0.9513699960821749,0.6400733590126038,0.2823680341243744
380,0.6685353517532349,15000000001.604374,57.40393463448724,0.0,0.0,0.0,0.9310479766950075,0.6431280374526978,0.27599164843559265
381,0.658577561378479,15000000001.55208,57.69116765954816,0.0,0.0,0.0,0.9174015971770229,0.6400072574615479,0.27055662870407104
382,0.666566014289856,15000000001.590816,58.02598109070043,0.0,0.0,0.0,0.8965045871537879,0.6314693689346313,0.26926538348197937
383,0.6640013456344604,15000000001.563057,58.20067124107458,0.0,0.0,0.0,0.9125878164614871,0.6227702498435974,0.2758919894695282
384,0.6815719604492188,15000000001.6055,58.886858939962735,0.0,0.0,0.0,0.9223604315249396,0.6116381287574768,0.27184343338012695
385,0.6776489615440369,15000000001.549017,59.08972976196482,0.0,0.0,0.0,0.8888095109561075,0.5994338989257812,0.272978276014328
386,0.6790470480918884,15000000001.573029,59.20652639954133,0.0,0.0,0.01318361066732093,0.860397709986375,0.6001876592636108,0.2642527222633362
387,0.6730065941810608,15000000001.5828,59.61904945556525,0.0,0.0,0.006698978481035622,0.9472761494341398,0.5843868255615234,0.26990100741386414
388,0.6778097748756409,15000000001.585752,59.41260222584843,0.0,0.0,0.02902078648073033,0.8885579652491528,0.5865210294723511,0.26873084902763367
389,0.6966495513916016,15000000001.561098,59.58806864739991,0.0,0.0,0.029765446278656585,0.9064729251771101,0.5782362818717957,0.2629042863845825
390,0.6741516590118408,15000000001.57102,59.79231261621695,0.0,0.0,0.021603590551553708,0.9436953534315994,0.5760838985443115,0.2563810348510742
391,0.6805665493011475,15000000001.588692,60.30989404208172,0.0,0.0,0.06837193828954459,0.9453019467134015,0.5713453888893127,0.2577570676803589
392,0.6805198192596436,15000000001.584541,60.84298138206092,0.0,0.0,0.08673519410146949,0.8853813354446964,0.5649447441101074,0.2569611072540283
393,0.6825305223464966,15000000001.593777,61.17942245366373,0.0,0.0,0.11860798089890176,0.9466689399041146,0.5613272190093994,0.25691449642181396
394,0.6833385229110718,15000000001.599655,60.79939704653589,0.0,0.0,0.10671573983311375,0.9057431709801471,0.5668941140174866,0.2542403042316437
395,0.692713737487793,15000000001.59784,60.853473413738506,0.0,0.0,0.10441903683330449,0.840437068106002,0.5672788023948669,0.25294768810272217
396,0.6895080804824829,15000000001.595997,60.705001641605975,0.0,0.0,0.12151974485273401,0.8270971468851089,0.5737840533256531,0.24640372395515442
397,0.6903928518295288,15000000001.576675,60.18646242699164,0.0,0.0,0.11561349974965855,0.8811679485260385,0.5854603052139282,0.2503395080566406
398,0.6943609118461609,15000000001.601576,60.607218888349095,0.004846147321575556,0.0,0.12309505492606544,0.9243511584369197,0.5760771036148071,0.2542829215526581
399,0.6863040924072266,15000000001.592226,60.657740353533114,0.0,0.0,0.15031222993642945,0.9057765863921111,0.5650049448013306,0.2559534013271332
400,0.691164493560791,15000000001.588644,60.68574095916338,0.002189493366439848,0.0,0.14490972437761157,0.827435605308785,0.5620918273925781,0.2612327039241791
401,0.6977198123931885,15000000001.582788,60.310544527372,0.003870209736053995,0.0,0.1551092796565893,0.8676128687285743,0.5708613991737366,0.2668503522872925
402,0.6911071538925171,15000000001.59283,60.288747140750395,0.0,0.0,0.13467951172843767,0.8372212427731979,0.57462477684021,0.2646600604057312
403,0.6805824637413025,15000000001.5824,59.97338200461486,0.0,0.0,0.1419244176695532,0.7965721622794962,0.5850499272346497,0.2634446918964386
404,0.6952718496322632,15000000001.576504,60.05543277087334,0.0,0.0,0.15481730668684515,0.817590280647169,0.587256669998169,0.2604365050792694
405,0.7009410858154297,15000000001.555632,59.945240727582004,0.005452280768010995,0.0,0.15987676371563328,0.8018876099952956,0.5915505886077881,0.2604937255382538
406,0.6821607351303101,15000000001.583809,59.84500155935544,0.0,0.0,0.17305512509599053,0.8147844158503531,0.5983219146728516,0.2588309645652771
407,0.7068361043930054,15000000001.57131,60.1262356493164,0.0,0.0,0.1500464086294793,0.782726884753226,0.5971044301986694,0.25845515727996826
408,0.6794568300247192,15000000001.574343,59.89084909827032,0.0,0.0,0.16003234536084826,0.7344748776250628,0.6042884588241577,0.26242202520370483
409,0.6871215105056763,15000000001.55244,59.51749530581979,0.0012486665428613104,0.0,0.1469696609328642,0.812447746482205,0.6088743805885315,0.26738041639328003
410,0.678437352180481,15000000001.585793,59.60376108701537,0.00697543627016824,0.0,0.18473256363083668,0.7758091949745629,0.6013720631599426,0.2729591727256775
411,0.6933789253234863,15000000001.571655,59.67678061918558,0.0,0.0,0.15430294775906475,0.8042454374141695,0.5955038666725159,0.2779606282711029
412,0.7030667066574097,15000000001.542965,59.551839655629664,0.0059193246796508045,0.0,0.16824632196283182,0.7536684748198922,0.5936346650123596,0.2856541872024536
413,0.6774067282676697,15000000001.563547,59.40839317799808,0.0046788076628219745,0.0,0.14398640725414677,0.7760105014615823,0.5925800800323486,0.2871917188167572
414,0.690474271774292,15000000001.558746,59.41471924997148,0.007604957683725835,0.0,0.15357853127209392,0.7695666364465422,0.5964149832725525,0.28852859139442444
415,0.6793367862701416,15000000001.558485,59.51256595935834,0.015189601600388153,0.0,0.16717514933130045,0.7355550938974599,0.5939435362815857,0.284747838973999
416,0.6907045841217041,15000000001.556149,58.80988700193452,0.007970162571377,0.0,0.17370001045486724,0.7530313290785957,0.6171228289604187,0.2813977599143982
417,0.6829696893692017,15000000001.574694,59.24200762325725,0.0018302194069413323,0.0,0.18011864712733452,0.7823536933187961,0.6093055605888367,0.27743008732795715
418,0.6922065615653992,15000000001.552608,59.414846104404795,0.0,0.0,0.21810947531155506,0.8320338178095994,0.6123650670051575,0.2779011130332947
419,0.6864355802536011,15000000001.557096,59.20996985024507,0.0,0.0,0.17752309646837408,0.8561546058349673,0.6305978894233704,0.2755286693572998
420,0.6755646467208862,15000000001.542513,59.22635405203347,0.0,0.0,0.18483533887954923,0.7395485985563363,0.6341943144798279,0.27333736419677734
421,0.6774342060089111,15000000001.56998,59.154598669545,0.0,0.0,0.18892659233027242,0.7617151161410476,0.6337760090827942,0.2765643298625946
422,0.6906443238258362,15000000001.557009,59.561607819451666,0.0010213992120294973,0.0,0.1969027311788345,0.7845543548528745,0.6197153925895691,0.28724369406700134
423,0.6959164142608643,15000000001.560295,59.1973838501215,0.006131164881279627,0.0,0.1798637551316562,0.8716993276929241,0.6090338826179504,0.29895129799842834
424,0.6815007925033569,15000000001.53912,59.13144415702405,0.01788933768640875,0.0,0.19113550552863118,0.7602027019638438,0.5934444665908813,0.30657532811164856
425,0.6877763271331787,15000000001.54547,58.3500816191364,0.0081802925621294,0.0,0.18036878643955248,0.8175848825050178,0.6023982763290405,0.3130386769771576
426,0.6836477518081665,15000000001.554325,58.41027978352152,0.0014254503505382599,0.0,0.183893429875785,0.7203637648698881,0.5912678241729736,0.3161286413669586
427,0.685060441493988,15000000001.565752,58.04938346787222,0.008493831513513388,0.0,0.15132198760277574,0.8021246858482286,0.6125171184539795,0.3099339008331299
428,0.6770138740539551,15000000001.567661,58.69196046381997,0.0006961975138423185,0.0,0.17558985854510756,0.7722872386785209,0.6027686595916748,0.3017163574695587
429,0.6920789480209351,15000000001.54214,58.518524331432104,0.002155003201278812,0.0,0.16598582606374257,0.7311223759909575,0.6218841671943665,0.29625919461250305
430,0.6898539066314697,15000000001.550308,58.785050555448876,0.0,0.0,0.18906420246887912,0.728366924089263,0.6284654140472412,0.2858104109764099
431,0.6827348470687866,15000000001.556723,59.60384683854696,0.0,0.0,0.1991605858193747,0.7656262086693175,0.6222888231277466,0.2860861122608185
432,0.6786940097808838,15000000001.572487,58.812722162985374,8.586303497613162e-05,0.0,0.18522317712760683,0.7594700897858069,0.650698184967041,0.2808690667152405
433,0.6788028478622437,15000000001.57392,58.484567494676526,0.0,0.0,0.16267592795248859,0.7338014355662029,0.6629600524902344,0.2781277596950531
434,0.6821309924125671,15000000001.570084,58.50339672407597,0.0,0.0,0.17657369346281848,0.7571819471930361,0.6511378288269043,0.2850337326526642
435,0.6746121048927307,15000000001.568764,58.60708125845291,0.0,0.0,0.18498211633888806,0.7602365802677004,0.6330709457397461,0.29772982001304626
436,0.6914010047912598,15000000001.558516,58.09245118757585,0.0008269222020541311,0.0,0.16196373686792892,0.7402120329616334,0.6273049712181091,0.3072144389152527
437,0.6841362118721008,15000000001.549438,57.69182715625932,0.00380895634136939,0.0,0.1549899200774206,0.7334234176417621,0.6191806197166443,0.3162665069103241
438,0.6982125043869019,15000000001.54892,57.68454726224397,0.01005728068163772,0.0,0.16188440264356652,0.706103113452712,0.6091350317001343,0.33008816838264465
439,0.6648208498954773,15000000001.581257,57.46772221210325,0.0076783092076785665,0.0,0.1540402118003231,0.7004476789969795,0.6055074334144592,0.3329208791255951
440,0.6609784364700317,15000000001.60107,57.270793622855116,0.0009319848541576789,0.0,0.14826186606635472,0.6833669043473576,0.6195635199546814,0.3178883492946625
441,0.6594792604446411,15000000001.572866,57.74029892817204,0.0,0.0,0.18065386274290346,0.7078337340673597,0.6269689202308655,0.30348896980285645
442,0.6795554757118225,15000000001.558008,57.886577734177436,0.0,0.0,0.20589694536687428,0.7255879719413688,0.6478467583656311,0.2848377227783203
443,0.6827983260154724,15000000001.543499,58.09581485446219,0.0,0.0,0.211778682880735,0.7007676972797422,0.6520113348960876,0.2831045687198639
444,0.6855701208114624,15000000001.550718,58.73623176589365,0.0,0.0,0.22607671922122047,0.7325781284317421,0.6528369784355164,0.2794809341430664
445,0.6791690587997437,15000000001.564312,57.58588468858492,0.0,0.0,0.18051562615514669,0.7384002816617303,0.6861735582351685,0.27119964361190796
446,0.6645318269729614,15000000001.577738,58.47385263200682,0.0,0.0,0.20627195119920674,0.7063292615356808,0.6683646440505981,0.27763789892196655
447,0.6674667596817017,15000000001.58787,58.37414143461659,0.0,0.0,0.1772842269863424,0.7116686411342505,0.6647592782974243,0.27735501527786255
448,0.6860533952713013,15000000001.559818,58.159917633370675,0.0,0.0,0.1920747425599341,0.714338512853117,0.655597984790802,0.2901414930820465
449,0.6739087104797363,15000000001.537758,57.748450239272024,0.0,0.0,0.17087911464922845,0.7204118338591156,0.6521081328392029,0.29746338725090027
450,0.6798125505447388,15000000001.543755,57.46327607441347,0.0,0.0,0.17855417822476694,0.7499182266771727,0.6349102258682251,0.3149290680885315
451,0.6912579536437988,15000000001.533136,57.449672264779906,0.007657772178989983,0.0,0.1872435378871269,0.6759818497580569,0.6115356087684631,0.33951255679130554
452,0.6801161766052246,15000000001.558222,57.02490698909959,0.008594711934184388,0.0,0.15976293734447242,0.6891240218718797,0.6011162400245667,0.35414841771125793
453,0.6600877642631531,15000000001.598434,56.729915049972426,0.0008750482302956157,0.0,0.16779533746006245,0.6413324472568376,0.6113905906677246,0.3395387828350067
454,0.6396923065185547,15000000001.586954,56.64385902097406,0.0,0.0,0.17880928310959276,0.6766347225947102,0.6282101273536682,0.32141926884651184
455,0.6624934673309326,15000000001.567776,57.17216174991237,0.0,0.0,0.21748452957758443,0.6804073646518224,0.6399128437042236,0.30118823051452637
456,0.6896247863769531,15000000001.544657,57.20367499967437,0.0,0.0,0.21038759078330055,0.6446291175015665,0.6620733737945557,0.28864261507987976
457,0.6888841390609741,15000000001.53995,57.635583378677026,0.0,0.0,0.2253247376573897,0.7127372158358745,0.6709060668945312,0.27942025661468506
458,0.6873307228088379,15000000001.558668,58.158370927175795,0.0,0.0,0.22540324297170078,0.7256944898828106,0.6715586185455322,0.2780308425426483
459,0.6722285747528076,15000000001.553415,58.92583450195019,0.0,0.0,0.2261503560209477,0.6757335764058231,0.658939778804779,0.2864345610141754
460,0.6730225086212158,15000000001.580198,58.288435619237276,0.0,0.0,0.2068007539762353,0.6923252858209533,0.6777536273002625,0.27854064106941223
461,0.6446887254714966,15000000001.622599,58.13815613394132,0.0,0.0,0.18892104986551364,0.6964893894550848,0.6759601831436157,0.28794848918914795
462,0.6612755060195923,15000000001.604534,58.03240357199172,0.0,0.0,0.1713719248657464,0.7238571859381829,0.661151647567749,0.2939518392086029
463,0.6758548021316528,15000000001.572435,57.493792726582896,0.0,0.0,0.17438051276303435,0.6800207134644528,0.6574052572250366,0.29639363288879395
464,0.6966004967689514,15000000001.547674,57.36349935841576,0.0,0.0,0.16057825980434942,0.6476101869180206,0.636604905128479,0.3110884130001068
465,0.693585991859436,15000000001.533476,56.788835731424676,0.000981712247659347,0.0,0.16530449524601712,0.6727492984349261,0.6270240545272827,0.3320259153842926
466,0.6637685298919678,15000000001.557076,56.80534007328126,0.0,0.0,0.18381911928601027,0.6716043324571921,0.6171939373016357,0.34215351939201355
467,0.6555948257446289,15000000001.596888,56.63143230134125,0.0,0.0,0.16781381560789682,0.6600046836519665,0.6255810260772705,0.3310568928718567
468,0.6451070308685303,15000000001.587408,56.875159240180835,0.0,0.0,0.19644303681321865,0.6237685699199707,0.6405051946640015,0.3115054965019226
469,0.6698107123374939,15000000001.589544,57.335235689765994,0.0,0.0,0.22519287623765594,0.64490070959386,0.6469644904136658,0.2986934185028076
470,0.6794624328613281,15000000001.552258,57.50922267098751,0.0,0.0,0.22174901601516447,0.6733455087763716,0.6635404229164124,0.2853548228740692
471,0.6866602897644043,15000000001.551815,57.50306290493374,0.0,0.0,0.2241954217763473,0.6618356608835159,0.6754735708236694,0.2770580053329468
472,0.684035062789917,15000000001.568607,58.343714022495874,0.0,0.0,0.23517379267805394,0.68608942218306,0.6687741875648499,0.2791019082069397
473,0.6721140146255493,15000000001.596258,57.56407786145724,0.0,0.0,0.19334436230481578,0.6407453340723266,0.6899073719978333,0.27113640308380127
474,0.6681632995605469,15000000001.618467,57.89087795940304,0.0,0.0,0.19910607353299495,0.6581720143066752,0.6749807000160217,0.28100842237472534
475,0.6746447086334229,15000000001.596735,58.24580983974441,0.0,0.0,0.20965263326844755,0.6435760592062929,0.6621822714805603,0.28726038336753845
476,0.6696945428848267,15000000001.624071,57.514907041935544,0.0,0.0,0.17886491707138433,0.6583731824537795,0.6691360473632812,0.2933120131492615
477,0.6757146120071411,15000000001.587774,57.65967707064172,0.0,0.0,0.15994413456018966,0.6716018597444418,0.6489724516868591,0.299831748008728
478,0.6914300918579102,15000000001.542202,57.418517306439156,0.0,0.0,0.1769625182487003,0.6368457351972792,0.6339511871337891,0.3211352229118347
479,0.687349796295166,15000000001.553198,57.260570673365685,0.0004090106164568834,0.0,0.18519206879500905,0.6441920161553766,0.6215070486068726,0.32795074582099915
480,0.6707904934883118,15000000001.568491,57.01327564837935,0.0017629852382073513,0.0,0.1867227267107436,0.610474978494904,0.6186948418617249,0.3328601121902466
481,0.6570364832878113,15000000001.593086,56.95729405777104,0.0,0.0,0.17513300404932408,0.6434223297049604,0.6262291669845581,0.32640206813812256
482,0.6578477025032043,15000000001.600407,57.04323070386573,0.0,0.0,0.19048416483419026,0.6067771206854087,0.6429526805877686,0.3096236288547516
483,0.6597456336021423,15000000001.5845,57.039099060244425,0.0,0.0,0.20204139983527009,0.599315329943844,0.6571556925773621,0.2951304018497467
484,0.6798909306526184,15000000001.582901,57.81040653311868,0.0,0.0,0.22475970285434493,0.6215831590685408,0.6522361636161804,0.2889934182167053
485,0.6796526312828064,15000000001.57037,57.98044343728642,0.0,0.0,0.22917946130713387,0.595266111077475,0.659891664981842,0.28445085883140564
486,0.666472315788269,15000000001.571342,58.68977188295588,0.0,0.0,0.22244816072673262,0.5851032411529324,0.6508955359458923,0.2848673164844513
487,0.6558800935745239,15000000001.600065,58.15649209328363,0.0,0.0,0.19842815908720188,0.6561273433259723,0.6659252047538757,0.281818687915802
488,0.6585589647293091,15000000001.579823,58.17628346312398,0.0,0.0,0.20511777599255498,0.6528239276187415,0.6631999611854553,0.28240618109703064
489,0.6626500487327576,15000000001.610313,58.24133616471462,0.0,0.0,0.18993345751615362,0.6138616059008258,0.6532180905342102,0.2875332534313202
490,0.6665538549423218,15000000001.568893,58.01541140045128,0.0,0.0,0.1891267014772954,0.5934834532399035,0.6460369825363159,0.2992176115512848
491,0.6763209700584412,15000000001.57525,57.59537726970407,0.0,0.0,0.1957638849293785,0.5914007675043901,0.6478908061981201,0.3059022128582001
492,0.6928509473800659,15000000001.55958,57.51112338598891,0.0,0.0,0.1972517231512217,0.602290291967079,0.6319543719291687,0.3166668117046356
493,0.675605058670044,15000000001.558422,57.71161230392104,0.0,0.0,0.20896785573603105,0.6576468935289098,0.6238275170326233,0.32254451513290405
494,0.6647743582725525,15000000001.563156,57.49959031921742,0.0,0.0,0.19633792376758133,0.6134205899646252,0.6260883808135986,0.32154691219329834
495,0.6592744588851929,15000000001.566626,57.36330356927179,0.0,0.0,0.20203625044152673,0.6354455146489665,0.6380632519721985,0.3095934987068176
496,0.6600443124771118,15000000001.589367,57.84519140735975,0.0,0.0,0.2173967969719128,0.5846237798617161,0.6312142014503479,0.30154484510421753
497,0.674238383769989,15000000001.531385,57.503537388700096,0.0,0.0,0.19282625546783352,0.6094320078149542,0.6538590788841248,0.2887355089187622
498,0.6648837327957153,15000000001.561893,57.83021912006093,0.0,0.0,0.23162609397285117,0.5944303912175122,0.660121500492096,0.28930145502090454
499,0.6653192639350891,15000000001.56556,58.2889200189889,0.0,0.0,0.21116012208284077,0.5813925097394872,0.6568102240562439,0.28337809443473816
500,0.6657715439796448,15000000001.568178,58.262049922576516,0.0,0.0,0.20404955690918955,0.5948496948724289,0.6584958434104919,0.2848333716392517
501,0.6596264243125916,15000000001.591059,58.51034871060039,0.0,0.0,0.22401707555265266,0.6381732225647363,0.6534364223480225,0.28829947113990784
502,0.6769510507583618,15000000001.59684,58.247190054212545,0.0,0.0,0.19957898773954455,0.5919830954075976,0.6526298522949219,0.291149765253067
503,0.6688270568847656,15000000001.57596,58.13610953885138,0.0,0.0,0.19033262720624294,0.5956957453117028,0.6443366408348083,0.293966144323349
504,0.6652089357376099,15000000001.553328,58.10434092537847,0.0,0.0,0.20055438367446912,0.6137481317693949,0.6330528855323792,0.30407223105430603
505,0.6707255840301514,15000000001.577957,58.08522001595669,0.0,0.0,0.20346724289016185,0.5566381736296511,0.6232624053955078,0.31599992513656616
506,0.6732868552207947,15000000001.563639,57.69878045910812,0.0,0.0,0.17128236104136568,0.5750610632468448,0.6329622268676758,0.31016814708709717
507,0.6657824516296387,15000000001.560495,57.3085425401194,0.0,0.0,0.19160849548434628,0.5942229909939251,0.6351980566978455,0.3122972548007965
508,0.6677745580673218,15000000001.557648,57.35700129206239,0.0,0.0,0.1892509160512281,0.5846853939434111,0.6416507363319397,0.3063044250011444
509,0.6614985466003418,15000000001.57166,57.32509666235049,0.0,0.0,0.19348299974208077,0.5460035460766425,0.6495924592018127,0.29588595032691956
510,0.6820297837257385,15000000001.568045,57.49818221279307,0.0,0.0,0.20388521798106668,0.5976908599062793,0.6487336754798889,0.29492104053497314
511,0.6750209331512451,15000000001.571466,57.4848604152501,0.0,0.0,0.21009072185341435,0.5589978730491222,0.6577470302581787,0.2868101894855499
512,0.6744629740715027,15000000001.575014,57.50944003213842,0.0,0.0,0.19204136479229775,0.6065481790073924,0.665361225605011,0.2829558253288269
513,0.6718254089355469,15000000001.5744,58.00263852516594,0.0,0.0,0.19425357463162832,0.5738489820594898,0.6553234457969666,0.2834056317806244
514,0.6623013615608215,15000000001.570133,57.32495935012045,0.0,0.0,0.17416009107151106,0.6027235709115808,0.6718114614486694,0.28420883417129517
515,0.6640924215316772,15000000001.565664,57.869388195645264,0.0,0.0,0.18122400329148314,0.6075113170298972,0.6542562246322632,0.29022955894470215
516,0.6660429239273071,15000000001.568495,57.55712168292582,0.0,0.0,0.18037243986533183,0.6014649869434978,0.6543393731117249,0.2975821793079376
517,0.6652238368988037,15000000001.567356,57.4561568628813,0.0,0.0,0.18249038978201568,0.6096679834604526,0.6512126922607422,0.29931962490081787
518,0.6685788035392761,15000000001.56355,57.37595115942473,0.0,0.0,0.18086142733109972,0.6149868743505694,0.6391181349754333,0.30813613533973694
519,0.6550209522247314,15000000001.56363,57.49400229772815,0.0,0.0,0.2013324305721267,0.5603914343275755,0.636284589767456,0.307285875082016
520,0.6633238792419434,15000000001.55692,57.35248847892705,0.0,0.0,0.20394695478143413,0.5807095018392117,0.6381983160972595,0.3111371099948883
521,0.6580784320831299,15000000001.574987,57.766232319898165,0.0,0.0,0.21556759613048818,0.5694682330025087,0.6375505328178406,0.2983562648296356
522,0.6623307466506958,15000000001.585806,57.67133712721565,0.0,0.0,0.2177136266169097,0.5813642804733824,0.6461347341537476,0.2998981177806854
523,0.6700778007507324,15000000001.587955,58.14844025923809,0.0,0.0,0.20028766383584715,0.584936490600786,0.6445413827896118,0.29157018661499023
524,0.672809362411499,15000000001.55362,58.13332154133106,0.0,0.0,0.21187808434947075,0.5963803028299034,0.6523742079734802,0.28580954670906067
525,0.673418402671814,15000000001.568588,57.955868762144526,0.0,0.0,0.2133080624367489,0.5596182369680419,0.6517385840415955,0.2966351807117462
526,0.6757504940032959,15000000001.571024,57.84642644610258,0.0,0.0,0.19513899874557955,0.5683780667457775,0.658557653427124,0.2921578288078308
527,0.6592531800270081,15000000001.576704,57.51255126040485,0.0,0.0,0.17211041171614885,0.5651298450128162,0.6565842032432556,0.29329559206962585
528,0.6790934801101685,15000000001.579567,57.61996854233796,0.0,0.0,0.18973198513243691,0.5706651455409267,0.6488062143325806,0.2962534427642822
529,0.6666057109832764,15000000001.56858,57.78779981503313,0.0,0.0,0.19436501177321647,0.5985724057032413,0.6430578827857971,0.3001236617565155
530,0.6673471927642822,15000000001.576775,57.79548513145504,0.0,0.0,0.1813108891867256,0.5954687552551273,0.6431577205657959,0.2961004078388214
531,0.6673685312271118,15000000001.575129,57.87639336536654,0.0,0.0,0.21751522489453767,0.5699820480403706,0.6347646117210388,0.30067193508148193
532,0.6708464026451111,15000000001.568413,57.8857649522248,0.0,0.0,0.2151602097092991,0.5473508411510929,0.6451796889305115,0.29411977529525757
533,0.6586472392082214,15000000001.581577,57.41423264232498,0.0,0.0,0.172402533083807,0.562972857621097,0.6562511324882507,0.2935437560081482
534,0.6777926683425903,15000000001.556944,57.582469482854805,0.0,0.0,0.2036326513978526,0.5567622455256457,0.6473754644393921,0.302372008562088
535,0.666949987411499,15000000001.585413,57.91886314511447,0.0,0.0,0.17742609104553006,0.5884944560201627,0.6467677354812622,0.29571014642715454
536,0.6593173146247864,15000000001.611076,57.6407155403106,0.0,0.0,0.18654533939856033,0.5788375851248331,0.6494621634483337,0.298732191324234
537,0.6644552946090698,15000000001.558464,58.01087075108713,0.0,0.0,0.19795656985414936,0.5489739012233044,0.6418640613555908,0.29823562502861023
538,0.6687013506889343,15000000001.594858,58.09363603659823,0.0,0.0,0.21985450173704907,0.5485417930202097,0.6399078965187073,0.2970188558101654
539,0.6772077679634094,15000000001.545403,57.851115471058094,0.0,0.0,0.19378890520841333,0.5511509981482933,0.6443414092063904,0.294704407453537
540,0.6794072985649109,15000000001.563147,57.67442860276297,0.0,0.0,0.19638940275623495,0.5911011101087926,0.646156907081604,0.2959369719028473
541,0.6634886264801025,15000000001.572006,57.85199968242961,0.0,0.0,0.21197445566410994,0.547382770504104,0.6414610743522644,0.29670122265815735
542,0.6596900820732117,15000000001.583162,57.55339190281801,0.0,0.0,0.18629473713993588,0.5552058455964403,0.6575779318809509,0.2880631387233734
543,0.6624370813369751,15000000001.584131,57.88814318930928,0.0,0.0,0.1928683284569677,0.6141650955568574,0.6462678909301758,0.29252883791923523
544,0.6747943758964539,15000000001.584435,57.43420539328244,0.0,0.0,0.19750125647359681,0.5549007890515586,0.6576721668243408,0.28883522748947144
545,0.6499813795089722,15000000001.574049,57.79893262621492,0.0,0.0,0.2002906180176994,0.5817328197859202,0.6480019092559814,0.29604145884513855
546,0.6579685211181641,15000000001.559294,57.73853484570034,0.0,0.0,0.18360875709604987,0.5503738108762913,0.6510266661643982,0.29812777042388916
547,0.6614987850189209,15000000001.57891,57.6726296576241,0.0,0.0,0.18926794365565797,0.5568499528662724,0.6487337350845337,0.3000279366970062
548,0.6607925891876221,15000000001.541426,58.09269681143175,0.0,0.0,0.20265551288524586,0.5542359280419469,0.6391618251800537,0.29704031348228455
549,0.6670948266983032,15000000001.590565,57.32033297207757,0.0,0.0,0.18981856172258402,0.5286992951499159,0.6584722995758057,0.2985756993293762
550,0.6688295602798462,15000000001.580381,57.62839263868512,0.0,0.0,0.19450750738658146,0.5434546684641589,0.6487779021263123,0.2955494225025177
551,0.6621581315994263,15000000001.583141,57.70484825223466,0.0,0.0,0.20239280508817825,0.5383331220739431,0.6473680138587952,0.30115729570388794
552,0.6664737462997437,15000000001.586893,57.553635522596245,0.0,0.0,0.20574126354094954,0.5363057553100011,0.6547313332557678,0.29562491178512573
553,0.6618711948394775,15000000001.557095,58.18855865368266,0.0,0.0,0.21291814411242935,0.550436706560338,0.6393716335296631,0.2984648048877716
554,0.6501375436782837,15000000001.597343,58.202326409104515,0.0,0.0,0.20106610607870276,0.5770036288460488,0.6423513293266296,0.2967742085456848
555,0.6840076446533203,15000000001.563318,57.85132356015788,0.0,0.0,0.20200938081658348,0.5464907096011006,0.6445435285568237,0.29504600167274475
556,0.66412752866745,15000000001.579105,57.52681645109989,0.0,0.0,0.17809498600061408,0.518805333198564,0.6588002443313599,0.2926226854324341
557,0.6628791093826294,15000000001.562616,57.48061521854998,0.0,0.0,0.17519989672658626,0.5119973621375332,0.6602947115898132,0.2978457808494568
558,0.6696066856384277,15000000001.593231,57.54192707777922,0.0,0.0,0.18754491699172235,0.5665699303513391,0.6580232977867126,0.2921348512172699
559,0.6676437854766846,15000000001.566586,57.701802326967275,0.0,0.0,0.18345839686603688,0.5390751341894323,0.6488475799560547,0.29944390058517456
560,0.6571618318557739,15000000001.577686,57.341859871132826,0.0,0.0,0.18750946525064752,0.5447356494039631,0.66130530834198,0.29285502433776855
561,0.6643942594528198,15000000001.593,57.37266841291497,0.0,0.0,0.19418382437544307,0.5210139466481073,0.6506441235542297,0.2996807098388672
562,0.6614490151405334,15000000001.593794,57.44606185964598,0.0,0.0,0.1820618940225757,0.5304326472269574,0.650549590587616,0.29848209023475647
563,0.6571812629699707,15000000001.589176,57.54854067473688,0.0,0.0,0.20750597391798692,0.5591132173639367,0.6494531035423279,0.29839229583740234
564,0.6696213483810425,15000000001.57015,57.96596010165676,0.0,0.0,0.22908625687868123,0.5359764141314457,0.6431615352630615,0.2967088520526886
565,0.6609691381454468,15000000001.599659,58.06977245975152,0.0,0.0,0.22111439336782135,0.6008476708602956,0.6451845169067383,0.2973771095275879
566,0.6613529920578003,15000000001.563112,57.56699066605501,0.0,0.0,0.20584933426564253,0.5215207992116637,0.6562139391899109,0.29284781217575073
567,0.6653938293457031,15000000001.586548,57.80379291598622,0.0,0.0,0.20689882474071122,0.5250863540159603,0.6447291970252991,0.2949540317058563
568,0.654335618019104,15000000001.579582,57.23950709804717,0.0,0.0,0.19330533897697968,0.519656546325573,0.6603156924247742,0.2963084280490875
569,0.6638718843460083,15000000001.57462,57.52327673641912,0.0,0.0,0.1920241597682751,0.5357434925014533,0.6492900848388672,0.297247052192688
570,0.6676462888717651,15000000001.596752,57.658794072190716,0.0,0.0,0.20017556413111218,0.5476474131450372,0.6475698947906494,0.2966107428073883
571,0.6613808274269104,15000000001.60503,57.262936613026895,0.0,0.0,0.17028381448537966,0.5162321097524007,0.6614072918891907,0.3014887869358063
572,0.6661400198936462,15000000001.583153,57.8624346751875,0.0,0.0,0.20302895711757457,0.5202698281110086,0.6429198384284973,0.3031149208545685
573,0.6509845852851868,15000000001.601093,57.42000469813688,0.0,0.0,0.18481450171446556,0.5320462021626879,0.6507008075714111,0.2973451316356659
