x,y,z
0.0,0.0,0.0
-0.25885782,0.2917064,0.030991433
-0.26549518,0.29918608,0.031786084
-0.30531946,0.34406397,0.036553998
-0.5590567,0.63,0.06693237
-0.63,0.5500541,0.075425975
-0.37646154,0.26434204,0.10578056
-0.335359,0.21802369,0.11070151
-0.32846823,0.21025847,0.1115265
-0.28908715,0.16588001,0.11624134
0.17712963,-0.34745517,0.28758982
0.18409118,-0.3551203,0.29014838
0.22563341,-0.40086102,0.30541638
0.43374002,-0.63,0.3819017
0.63,-0.4139049,0.45403308
0.4214673,-0.18429679,0.530675
0.37657696,-0.13486956,0.54717356
0.36893108,-0.12645097,0.5499836
-0.09045645,0.37936476,0.7188221
-0.09810231,0.38778335,0.7216322
-0.14299268,0.4372106,0.73813075
-0.31808618,0.63,0.8024828
-0.63,0.28656247,0.91712034
-0.4511763,0.08966587,0.98284334
-0.39872488,0.031913448,1.0021209
-0.3893989,0.021644922,1.0055484
-0.015830252,-0.3896786,1.1428459
-0.0065042623,-0.3999471,1.1462735
0.04594713,-0.45769954,1.165551
0.20243235,-0.63,1.2230638
0.63,-0.15922005,1.3802077
0.4590871,0.028966242,1.4430232
0.38415322,0.11147334,1.4705637
0.36792928,0.12933697,1.4765264
0.16405438,0.35381657,1.5514565
0.14783043,0.3716802,1.5574192
0.072896555,0.45418727,1.5849596
-0.08677853,0.63,1.6436449
-0.63,0.031877622,1.8432949
-0.40786973,-0.21270233,1.9249344
-0.2508684,-0.38557106,1.9826369
-0.028875299,-0.63,2.064226
0.14761625,-0.43567124,2.129092
0.4478283,-0.10511817,2.2394288
0.63,0.09546481,2.3063822
0.14452913,0.63,2.484807
-0.009964822,0.45989206,2.5415883
-0.06995887,0.39383468,2.5636377
-0.08120478,0.3814522,2.567771
-0.38748527,0.04421736,2.6803381
-0.39873117,0.03183488,2.6844714
-0.4587252,-0.034222495,2.706521
-0.63,-0.22280724,2.7694695
-0.26018295,-0.63,2.905388
-0.09649221,-0.44976577,2.9655495
-0.048602656,-0.39703625,2.9831502
-0.04031474,-0.38791072,2.9861963
0.38225028,0.07736102,3.1415014
0.3905382,0.08648655,3.1445475
0.43842775,0.13921608,3.1621482
0.63,0.35014966,3.2325568
0.3758368,0.63,3.3259692
0.18583223,0.42079255,3.3958015
0.14295538,0.37358233,3.41156
0.13572486,0.36562106,3.4142175
-0.3509059,-0.17019123,3.5930686
-0.35813642,-0.1781525,3.595726
-0.40101326,-0.22536273,3.6114845
-0.63,-0.4774921,3.6956441
-0.4914906,-0.63,3.7465503
-0.26243424,-0.37779394,3.8307352
-0.22169842,-0.33294114,3.845707
-0.21489705,-0.3254524,3.8482068
0.07659096,-0.0045050276,3.955337
0.33295804,0.20307373,4.005499
0.3407973,0.20942111,4.007033
0.38777056,0.24745505,4.016224
0.63,0.44358665,4.063619
0.39977294,0.63,4.1086664
0.15610377,0.4327027,4.156344
0.10002109,0.3872929,4.167317
0.09028115,0.37940654,4.169223
-0.38988712,-0.00938258,4.2631745
-0.39962706,-0.017268943,4.26508
-0.45570976,-0.06267873,4.2760534
-0.63,-0.20380041,4.310156
-0.10362846,-0.63,4.413148
0.12919456,-0.44148472,4.458703
0.4049523,-0.21820548,4.5126586
0.63,-0.035985835,4.5566926
0.4458808,0.11309428,4.592718
0.3528363,0.1884318,4.6109233
0.3311724,0.20597292,4.6151624
0.13257718,0.36677417,4.6540203
0.11091326,0.3843153,4.658259
0.054455373,0.4300289,4.669306
0.0015728029,0.3999969,4.5812554
-0.016657172,0.38964412,4.5509024
-0.32610133,0.213911,4.0356736
-0.34433132,0.2035582,4.0053205
-0.43392286,0.15267923,3.8561497
-0.63,0.041327164,3.5296786
-0.45642397,-0.057246543,3.240672
-0.3883296,-0.095917284,3.127294
-0.37620717,-0.102801606,3.10711
0.104433894,-0.3757573,2.3068364
0.116556324,-0.38264164,2.2866523
0.18465069,-0.4213124,2.1732743
0.5521236,-0.63,1.561427
0.63,-0.58577406,1.4317619
0.2751472,-0.3842534,0.8409272
0.25174776,-0.3849975,0.8322351
0.08797657,-0.39020523,0.7713998
-0.0630077,-0.39500636,0.7153144
-0.2267789,-0.4002141,0.6544791
-0.63,-0.4130361,0.5046964
-0.37193623,-0.42124227,0.40883467
-0.2669792,-0.37459594,0.39186364
-0.20154375,-0.34551427,0.38128304
-0.19020332,-0.34047422,0.37944937
0.38017726,-0.08697847,0.28722164
0.39151767,-0.081938416,0.28538796
0.45695314,-0.05285677,0.27480736
0.53136015,-0.019787854,0.26277614
0.3334614,0.50590044,0.3590869
0.31805003,0.4898985,1.0312482
0.63,0.5291577,1.4097748
-0.17128423,0.63,2.3820696
-0.44860432,0.59509903,2.7185755
-0.63,-0.2641071,3.047706
-0.5527527,-0.63,3.1878662
-0.44463634,-0.11789194,3.384036
-0.35903656,0.28756344,3.5393512
-0.28674135,0.63,3.6705263
-0.24453588,0.43008786,3.7471051
-0.4832842,0.13745251,3.741391
-0.63,0.14977089,3.7162998
-0.42874423,0.1666685,3.6818812
-0.36096,0.17235972,3.6702888
-0.34936452,0.17333329,3.6683059
0.0055475333,0.203132,3.6076093
-0.036561616,-0.24539892,3.3810928
-0.08101507,-0.24222174,3.3101554
-0.13279799,-0.36669427,3.374717
-0.13664314,-0.37593704,3.3795109
-0.15971035,-0.43138453,3.4082706
-0.19153008,-0.50787085,3.4479427
-0.19016762,-0.5076663,3.4539678
-0.17743576,-0.42738736,3.501164
-0.17121883,-0.42694744,3.505807
0.22963354,-0.39858302,3.8051717
0.42551813,-0.3847222,3.9514625
0.602815,-0.63,3.849708
0.63,-0.59239143,3.834106
0.38441312,-0.25263914,3.6931586
0.34638938,-0.20003596,3.671336
0.33995354,-0.1911324,3.6676424
0.0457452,0.21588427,3.49879
0.3238746,0.21726769,3.4694371
0.33581087,0.21732707,3.4681776
0.4052391,0.21767241,3.4608502
0.63,0.21879038,3.43713
0.4040268,0.21991438,3.4132814
0.33389238,0.22026323,3.4058797
0.3218037,0.22032335,3.404604
-0.31959602,0.22351371,3.336913
-0.3316847,0.22357383,3.3356373
-0.40181914,0.22392268,3.3282356
-0.63,0.22505768,3.3041542
-0.40644875,0.22616962,3.2805614
-0.10947672,0.63,3.1422522
0.015737265,0.4597307,3.0839362
0.0633784,0.39494705,3.0617483
0.07193767,0.38330793,3.057762
0.38732862,-0.045568984,2.9108744
0.3958879,-0.05720811,2.9068882
0.44352904,-0.121991776,2.8847
0.63,-0.3755599,2.7978547
0.50800127,-0.541457,2.7410362
0.4380111,-0.63,2.713714
0.2468446,-0.38815942,2.6390874
0.20941126,-0.34080335,2.6244745
0.20316555,-0.332902,2.6220362
-0.27699688,0.27454096,2.4345934
-0.28324258,0.28244227,2.4321554
-0.3206759,0.32979837,2.4175425
-0.5579748,0.63,2.324907
-0.63,0.5388825,2.2967904
-0.58062077,0.47641394,2.277514
-0.42470285,0.39480463,2.343323
-0.36495203,0.28001788,2.3576372
-0.33386728,0.22030124,2.365084
-0.32856274,0.21011074,2.3663547
-0.01636128,-0.38965666,2.441147
-0.01105674,-0.39984715,2.4424179
0.020028014,-0.4595638,2.4498649
0.05476277,-0.52629244,2.458186
0.021595117,-0.63,2.374813
-0.03315678,-0.45880347,2.2371843
-0.05309526,-0.39646044,2.1870651
-0.05647616,-0.38588917,2.1785667
-0.26992032,0.28150138,1.6420358
-0.2733012,0.29207268,1.6335373
-0.29323968,0.35441568,1.5834184
-0.38137677,0.63,1.3618697
-0.63,-0.14738739,0.73690987
-0.51807487,-0.49735135,0.4555657
-0.52916867,-0.36448157,0.45925355
-0.63,-0.37080553,0.435809
-0.62268907,-0.37126407,0.4341091
-0.63,-0.36641946,0.43517247
-0.4053148,-0.21753141,0.4678528
-0.3550513,-0.18422423,0.47516358
-0.34666657,-0.17866807,0.47638315
0.16025479,0.15724428,0.5501145
0.3694763,0.12484902,0.5179369
0.38057715,0.123130195,0.5162296
0.44590074,0.11301568,0.5061831
0.46845454,0.10952351,0.50271434
0.63,0.55879486,-0.03090607
0.60439664,0.63,-0.1154797
0.4333487,0.1543014,-0.68048894
0.39659446,0.052084867,-0.8018963
0.3888105,0.030436974,-0.8276085
0.2803985,-0.27106586,-1.1857173
0.2726145,-0.29271373,-1.2114296
0.23586027,-0.39493027,-1.3328369
0.15133576,-0.63,-1.6120402
0.08720883,-0.45165762,-1.8238657
0.06662502,-0.39441237,-1.8918585
0.06318575,-0.38484746,-1.9032191
-0.16060045,0.23752064,-2.6424346
-0.050180078,0.38675827,-2.6626484
-0.042020135,0.39778677,-2.6641424
0.0039983527,0.45998263,-2.6725667
0.12979358,0.63,-2.6955953
0.3603233,0.31842968,-2.7377968
0.4191674,0.27244025,-2.7627583
0.40575796,0.21670365,-2.8385675
0.38209337,0.11834123,-2.972354
0.3773373,0.098572545,-2.999242
0.29121056,-0.25941554,-3.4861546
0.2864545,-0.27918422,-3.5130427
0.2627899,-0.37754664,-3.6468291
0.23368715,-0.49851298,-3.81136
0.19873136,-0.49357423,-3.828744
-0.0438582,-0.46157146,-3.8217945
-0.63,-0.37742355,-3.430136
-0.31777012,-0.3325991,-3.2215047
-0.23838785,-0.32120278,-3.1684618
-0.22413974,-0.3191573,-3.1589413
0.30487463,-0.24321075,-2.805455
0.31912273,-0.24116525,-2.7959344
0.398505,-0.22976896,-2.7428916
0.63,-0.19653499,-2.588207
0.6010375,-0.19237706,-2.5688543
0.26723102,-0.49178693,-2.8370578
0.63,-0.45626616,-3.272655
0.30857474,-0.4247936,-3.6586084
0.48681247,-0.40284812,-4.045062
0.40339538,-0.22107048,-4.2994523
0.37079656,-0.15003303,-4.398866
0.36499685,-0.13739465,-4.416553
0.13384752,0.3663125,-5.1214705
0.12804782,0.37895086,-5.1391573
0.09544899,0.44998834,-5.238571
0.08894616,0.46415892,-5.2584023
0.12744252,0.44199365,-5.254124
0.31827205,0.3321188,-5.2329164
0.46603414,0.24704109,-5.216495
0.63,-0.26502082,-5.9949317
0.62418723,-0.28317395,-6.022528
0.62379116,-0.30753085,-6.0037003
0.56143814,-0.5068077,-6.0267415
0.63,-0.48082975,-6.129058
0.5444804,-0.44842654,-6.2566805
0.4849947,-0.4760635,-6.2896743
0.054455373,0.4300289,4.669306
0.0015728029,0.3999969,4.5812554
-0.016657172,0.38964412,4.5509024
-0.32610133,0.213911,4.0356736
-0.34433132,0.2035582,4.0053205
-0.43392286,0.15267923,3.8561497
-0.5428979,0.09079241,3.6747048
-0.63,0.056258813,3.415758
-0.6253495,0.054415032,3.4019325
-0.63,0.060290474,3.3861873
-0.51879793,0.20078446,3.0096881
-0.5067637,0.15326107,2.7909613
-0.63,0.015003892,2.4671142
-0.2300499,-0.4336948,1.4161037
-0.072564185,-0.63,1.441869
